date,weekday,time,rub_uzs,uzs_usdt,usdt_rub,spread
2022-07-09,5,19:29,169.4915,11052.0,65.06,-0.23
2022-07-09,5,19:29,169.4915,11052.0,65.07,-0.21
2022-07-09,5,19:30,169.4915,11052.0,65.07,-0.21
2022-07-09,5,19:30,169.4915,11052.0,65.08,-0.19
2022-07-09,5,19:31,169.4915,11050.0,65.09,-0.16
2022-07-09,5,19:31,169.4915,11050.0,65.1,-0.15
2022-07-09,5,19:32,169.4915,11050.0,65.11,-0.13
2022-07-09,5,19:33,169.4915,11050.0,65.11,-0.13
2022-07-09,5,19:33,169.4915,11050.0,65.12,-0.12
2022-07-09,5,19:34,169.4915,11050.0,65.12,-0.12
2022-07-09,5,19:34,169.4915,11050.0,65.15,-0.07
2022-07-09,5,19:35,169.4915,11050.0,65.15,-0.07
2022-07-09,5,19:35,169.4915,11051.98,65.4,0.3
2022-07-09,5,19:36,169.4915,11051.98,65.15,-0.09
2022-07-09,5,19:37,169.4915,11051.98,65.13,-0.12
2022-07-09,5,19:37,169.4915,11051.98,65.13,-0.12
2022-07-09,5,19:38,169.4915,11051.98,65.13,-0.12
2022-07-09,5,19:39,169.4915,11051.0,65.11,-0.14
2022-07-09,5,19:40,169.4915,11050.0,65.4,0.31
2022-07-09,5,19:42,169.4915,11049.97,65.11,-0.13
2022-07-09,5,19:47,169.4915,11044.0,65.13,-0.05
2022-07-09,5,19:51,169.4915,11049.94,65.15,-0.07
2022-07-09,5,19:52,169.4915,11049.2,65.15,-0.06
2022-07-09,5,19:53,169.4915,11049.2,65.15,-0.06
2022-07-09,5,19:54,169.4915,11049.0,65.06,-0.2
2022-07-10,6,16:26,169.4915,11059.0,65.08,-0.26
2022-07-10,6,16:27,169.4915,11059.0,65.05,-0.3
2022-07-10,6,16:28,169.4915,11059.49,65.05,-0.31
2022-07-10,6,16:29,169.4915,11059.0,65.05,-0.3
2022-07-10,6,16:31,169.4915,11059.0,65.6,0.54
2022-07-10,6,16:32,169.4915,11059.0,65.6,0.54
2022-07-10,6,16:33,169.4915,11059.0,65.6,0.54
2022-07-10,6,16:35,169.4915,11058.9,65.6,0.54
2022-07-10,6,16:36,169.4915,11059.0,65.05,-0.3
2022-07-10,6,16:37,169.4915,11059.0,65.06,-0.29
2022-07-10,6,16:39,169.4915,11050.0,65.06,-0.21
2022-07-10,6,16:40,169.4915,11050.0,65.07,-0.19
2022-07-10,6,16:41,169.4915,11050.0,65.07,-0.19
2022-07-10,6,16:42,169.4915,11050.0,65.07,-0.19
2022-07-10,6,16:44,169.4915,11050.0,65.06,-0.21
2022-07-10,6,16:45,169.4915,11050.0,65.06,-0.21
2022-07-10,6,16:47,169.4915,11050.0,67.5,3.41
2022-07-10,6,16:48,169.4915,11059.0,65.05,-0.3
2022-07-10,6,16:49,169.4915,11050.0,65.08,-0.18
2022-07-10,6,16:50,169.4915,11059.5,65.05,-0.31
2022-07-10,6,16:52,169.4915,11059.99,65.6,0.53
2022-07-10,6,16:53,169.4915,11059.0,66.5,1.88
2022-07-10,6,16:54,169.4915,11059.0,65.6,0.54
2022-07-10,6,16:56,169.4915,11059.0,65.6,0.54
2022-07-10,6,16:57,169.4915,11059.0,65.6,0.54
2022-07-10,6,16:58,169.4915,11058.99,65.6,0.54
2022-07-10,6,17:00,169.4915,11058.99,65.6,0.54
2022-07-10,6,17:01,169.4915,11058.99,65.6,0.54
2022-07-10,6,17:02,169.4915,11058.99,65.6,0.54
2022-07-10,6,17:03,169.4915,11058.9,65.05,-0.3
2022-07-10,6,17:05,169.4915,11058.9,65.05,-0.3
2022-07-10,6,17:06,169.4915,11058.9,65.0,-0.38
2022-07-10,6,17:07,169.4915,11058.9,65.0,-0.38
2022-07-10,6,17:08,169.4915,11058.0,65.0,-0.37
2022-07-10,6,17:10,169.4915,11058.0,65.0,-0.37
2022-07-10,6,17:11,169.4915,11058.99,65.0,-0.38
2022-07-10,6,17:12,169.4915,11058.99,65.5,0.38
2022-07-10,6,17:14,169.4915,11058.99,65.0,-0.38
2022-07-10,6,17:15,169.4915,11059.0,65.0,-0.38
2022-07-10,6,17:16,169.4915,11059.0,65.0,-0.38
2022-07-10,6,17:17,169.4915,11059.0,65.0,-0.38
2022-07-10,6,17:19,169.4915,11055.0,65.0,-0.35
2022-07-10,6,17:20,169.4915,11055.0,65.0,-0.35
2022-07-10,6,17:21,169.4915,11059.0,65.0,-0.38
2022-07-10,6,17:23,169.4915,11059.0,65.5,0.38
2022-07-10,6,17:24,169.4915,11059.0,65.0,-0.38
2022-07-10,6,17:25,169.4915,11059.0,65.0,-0.38
2022-07-10,6,17:26,169.4915,11059.0,65.5,0.38
2022-07-10,6,17:28,169.4915,11059.0,65.01,-0.37
2022-07-10,6,17:29,169.4915,11059.0,65.0,-0.38
2022-07-10,6,17:30,169.4915,11058.99,65.0,-0.38
2022-07-10,6,17:32,169.4915,11058.99,65.01,-0.37
2022-07-10,6,17:33,169.4915,11058.99,65.01,-0.37
2022-07-10,6,17:34,169.4915,11058.99,65.01,-0.37
2022-07-10,6,17:35,169.4915,11058.0,65.01,-0.36
2022-07-10,6,17:37,169.4915,11058.0,65.01,-0.36
2022-07-10,6,17:38,169.4915,11058.98,65.01,-0.37
2022-07-10,6,17:39,169.4915,11058.99,65.02,-0.35
2022-07-10,6,17:40,169.4915,11058.98,65.5,0.38
2022-07-10,6,17:42,169.4915,11050.81,65.02,-0.28
2022-07-10,6,17:43,169.4915,11050.81,65.02,-0.28
2022-07-10,6,17:44,169.4915,11058.98,65.01,-0.37
2022-07-10,6,17:46,169.4915,11058.98,65.45,0.31
2022-07-10,6,17:47,169.4915,11058.98,65.5,0.38
2022-07-10,6,17:48,169.4915,11058.98,65.5,0.38
2022-07-10,6,17:49,169.4915,11058.98,65.5,0.38
2022-07-10,6,17:51,169.4915,11058.98,65.04,-0.32
2022-07-10,6,17:52,169.4915,11058.98,65.04,-0.32
2022-07-10,6,17:53,169.4915,11058.0,65.04,-0.31
2022-07-10,6,17:54,169.4915,11058.0,65.04,-0.31
2022-07-10,6,17:56,169.4915,11058.0,65.05,-0.3
2022-07-10,6,17:57,169.4915,11058.0,65.05,-0.3
2022-07-10,6,17:58,169.4915,11058.0,65.06,-0.28
2022-07-10,6,17:59,169.4915,11057.99,65.06,-0.28
2022-07-10,6,18:01,169.4915,11060.0,65.5,0.38
2022-07-10,6,18:02,169.4915,11060.0,65.5,0.38
2022-07-10,6,18:03,169.4915,11060.0,65.5,0.38
2022-07-11,0,13:42,169.4915,11130.0,65.52,-0.22
2022-07-11,0,13:43,169.4915,11130.5,65.55,-0.18
2022-07-11,0,13:44,172.4138,11130.0,65.49,1.43
2022-07-11,0,13:46,172.4138,11130.99,65.49,1.42
2022-07-11,0,13:47,172.4138,11125.0,65.49,1.47
2022-07-11,0,13:48,172.4138,11125.0,65.45,1.41
2022-07-11,0,13:50,172.4138,11125.0,65.45,1.41
2022-07-11,0,13:51,172.4138,11130.0,65.45,1.37
2022-07-11,0,13:52,172.4138,11129.0,65.45,1.38
2022-07-11,0,13:53,172.4138,11129.0,65.45,1.38
2022-07-11,0,13:55,172.4138,11129.0,65.45,1.38
2022-07-11,0,13:56,172.4138,11129.0,65.45,1.38
2022-07-11,0,13:57,172.4138,11129.0,65.46,1.39
2022-07-11,0,13:58,172.4138,11128.99,65.46,1.39
2022-07-11,0,14:00,172.4138,11125.0,65.43,1.38
2022-07-11,0,14:01,172.4138,11128.99,65.43,1.35
2022-07-11,0,14:02,172.4138,11128.99,65.43,1.35
2022-07-11,0,14:03,172.4138,11128.99,65.43,1.35
2022-07-11,0,14:05,172.4138,11128.99,65.4,1.3
2022-07-11,0,14:06,172.4138,11128.0,65.45,1.39
2022-07-11,0,14:07,172.4138,11128.99,65.4,1.3
2022-07-11,0,14:09,172.4138,11128.99,65.4,1.3
2022-07-11,0,14:10,172.4138,11128.99,65.65,1.68
2022-07-11,0,14:11,172.4138,11128.99,65.4,1.3
2022-07-11,0,14:12,172.4138,11129.0,65.4,1.3
2022-07-11,0,14:14,172.4138,11129.0,65.4,1.3
2022-07-11,0,14:15,172.4138,11129.0,65.37,1.26
2022-07-11,0,14:16,172.4138,11130.0,65.4,1.29
2022-07-11,0,14:17,172.4138,11134.0,65.38,1.23
2022-07-11,0,14:19,172.4138,11130.5,65.38,1.26
2022-07-11,0,14:20,172.4138,11133.5,65.4,1.26
2022-07-11,0,14:21,172.4138,11133.5,65.39,1.25
2022-07-11,0,14:23,172.4138,11133.5,65.39,1.25
2022-07-11,0,14:24,172.4138,11133.5,65.37,1.22
2022-07-11,0,14:25,172.4138,11133.5,65.37,1.22
2022-07-11,0,14:26,172.4138,11134.5,65.38,1.22
2022-07-11,0,14:28,172.4138,11133.05,65.38,1.24
2022-07-11,0,14:29,172.4138,11133.0,65.38,1.24
2022-07-11,0,14:30,172.4138,11133.0,65.39,1.25
2022-07-11,0,14:31,172.4138,11133.0,65.38,1.24
2022-07-11,0,14:33,172.4138,11133.0,65.55,1.49
2022-07-11,0,14:34,172.4138,11134.99,65.6,1.55
2022-07-11,0,14:35,172.4138,11135.0,66.3,2.59
2022-07-11,0,14:37,172.4138,11135.0,65.43,1.29
2022-07-11,0,14:38,172.4138,11133.0,65.7,1.72
2022-07-11,0,14:39,172.4138,11133.0,65.43,1.31
2022-07-11,0,14:40,172.4138,11133.0,65.49,1.4
2022-07-11,0,14:42,172.4138,11138.0,65.6,1.52
2022-07-11,0,14:43,172.4138,11134.5,65.6,1.55
2022-07-11,0,14:44,172.4138,11138.5,65.65,1.59
2022-07-11,0,14:45,172.4138,11138.5,65.53,1.41
2022-07-11,0,14:47,172.4138,11138.0,65.55,1.45
2022-07-11,0,14:48,172.4138,11138.0,65.32,1.1
2022-07-11,0,14:49,172.4138,11137.99,65.32,1.1
2022-07-11,0,14:51,172.4138,11137.99,65.53,1.42
2022-07-11,0,14:52,172.4138,11135.0,65.53,1.45
2022-07-11,0,14:53,172.4138,11135.0,65.53,1.45
2022-07-11,0,14:54,172.4138,11135.0,65.53,1.45
2022-07-11,0,14:56,172.4138,11135.0,65.65,1.63
2022-07-11,0,14:57,172.4138,11135.0,65.53,1.45
2022-07-11,0,14:58,172.4138,11136.0,65.53,1.44
2022-07-11,0,14:59,172.4138,11136.0,65.53,1.44
2022-07-11,0,15:01,172.4138,11136.98,65.35,1.16
2022-07-11,0,15:02,172.4138,11136.98,65.34,1.14
2022-07-11,0,15:03,172.4138,11137.0,65.36,1.17
2022-07-11,0,15:05,172.4138,11137.0,65.38,1.2
2022-07-11,0,15:06,172.4138,11138.0,65.7,1.67
2022-07-11,0,15:07,172.4138,11138.0,65.56,1.46
2022-07-11,0,15:08,172.4138,11138.0,65.56,1.46
2022-07-11,0,15:10,172.4138,11138.0,65.56,1.46
2022-07-11,0,15:11,172.4138,11138.0,65.4,1.22
2022-07-11,0,16:14,169.4915,11190.0,65.23,-1.21
2022-07-11,0,16:27,169.4915,11189.99,65.19,-1.27
2022-07-11,0,16:29,169.4915,11193.9,65.2,-1.29
2022-07-11,0,16:30,169.4915,11195.0,65.19,-1.32
2022-07-11,0,16:31,169.4915,11195.0,65.2,-1.3
2022-07-11,0,16:33,172.4138,11197.0,65.25,0.47
2022-07-11,0,16:34,172.4138,11190.0,65.2,0.46
2022-07-11,0,16:35,172.4138,11190.0,65.21,0.47
2022-07-11,0,16:37,172.4138,11190.0,65.21,0.47
2022-07-11,0,16:38,172.4138,11190.0,65.2,0.46
2022-07-11,0,16:39,172.4138,11190.0,65.2,0.46
2022-07-11,0,16:40,172.4138,11190.0,65.22,0.49
2022-07-11,0,16:42,172.4138,11190.0,65.22,0.49
2022-07-11,0,16:43,169.4915,11190.0,65.22,-1.23
2022-07-11,0,16:44,169.4915,11190.0,65.23,-1.21
2022-07-11,0,16:46,169.4915,11190.0,65.3,-1.1
2022-07-11,0,16:47,169.4915,11190.0,65.3,-1.1
2022-07-11,0,16:48,169.4915,11190.0,65.22,-1.23
2022-07-11,0,16:50,169.4915,11190.0,65.2,-1.26
2022-07-11,0,16:51,169.4915,11189.8,65.2,-1.26
2022-07-11,0,16:52,169.4915,11190.0,65.16,-1.32
2022-07-11,0,16:53,169.4915,11190.0,65.15,-1.34
2022-07-11,0,16:55,169.4915,11190.0,65.16,-1.32
2022-07-11,0,16:56,169.4915,11190.0,65.16,-1.32
2022-07-11,0,16:58,169.4915,11190.0,65.16,-1.32
2022-07-11,0,16:59,169.4915,11190.0,65.16,-1.32
2022-07-11,0,17:00,169.4915,11190.0,65.15,-1.34
2022-07-11,0,17:02,169.4915,11190.0,65.15,-1.34
2022-07-11,0,17:03,169.4915,11192.0,65.15,-1.36
2022-07-11,0,17:04,169.4915,11191.0,65.15,-1.35
2022-07-11,0,17:05,169.4915,11190.0,65.1,-1.41
2022-07-11,0,17:07,169.4915,11192.0,65.12,-1.4
2022-07-11,0,17:08,169.4915,11191.99,65.11,-1.42
2022-07-11,0,17:09,169.4915,11191.0,65.11,-1.41
2022-07-11,0,17:11,169.4915,11190.0,65.2,-1.26
2022-07-11,0,17:12,169.4915,11189.8,65.1,-1.41
2022-07-11,0,17:14,169.4915,11189.7,65.0,-1.57
2022-07-11,0,17:15,169.4915,11185.0,65.0,-1.53
2022-07-11,0,17:16,169.4915,11189.0,65.0,-1.56
2022-07-11,0,17:18,169.4915,11188.9,65.0,-1.56
2022-07-11,0,17:19,169.4915,11188.5,65.09,-1.42
2022-07-11,0,17:20,169.4915,11188.5,65.0,-1.56
2022-07-11,0,17:21,169.4915,11188.5,65.12,-1.37
2022-07-11,0,17:23,169.4915,11188.5,65.12,-1.37
2022-07-11,0,17:24,169.4915,11189.0,65.01,-1.55
2022-07-11,0,17:25,169.4915,11192.99,64.98,-1.63
2022-07-11,0,17:27,169.4915,11190.0,64.92,-1.7
2022-07-11,0,17:28,169.4915,11190.0,64.91,-1.71
2022-07-11,0,17:29,169.4915,11193.0,64.92,-1.72
2022-07-11,0,17:31,169.4915,11193.0,64.87,-1.8
2022-07-11,0,17:32,169.4915,11197.5,64.9,-1.8
2022-07-11,0,17:33,169.4915,11197.5,64.9,-1.8
2022-07-11,0,17:35,169.4915,11197.99,64.9,-1.8
2022-07-11,0,17:36,169.4915,11198.9,64.87,-1.86
2022-07-11,0,17:37,169.4915,11198.9,64.87,-1.86
2022-07-11,0,17:39,169.4915,11198.9,65.0,-1.65
2022-07-11,0,17:40,169.4915,11198.9,65.0,-1.65
2022-07-11,0,17:41,169.4915,11190.0,65.0,-1.57
2022-07-11,0,17:42,169.4915,11190.0,65.0,-1.57
2022-07-11,0,17:44,169.4915,11200.0,64.6,-2.29
2022-07-11,0,17:45,169.4915,11200.0,64.55,-2.37
2022-07-11,0,17:47,169.4915,11200.0,64.55,-2.37
2022-07-11,0,17:48,169.4915,11180.0,64.51,-2.25
2022-07-11,0,17:49,169.4915,11204.0,64.52,-2.45
2022-07-11,0,17:50,169.4915,11199.0,64.51,-2.42
2022-07-11,0,17:52,169.4915,11200.0,64.7,-2.13
2022-07-11,0,17:53,169.4915,11200.0,64.56,-2.35
2022-07-11,0,17:55,169.4915,11204.9,64.56,-2.4
2022-07-11,0,17:56,169.4915,11203.0,64.56,-2.38
2022-07-11,0,17:57,169.4915,11203.0,64.56,-2.38
2022-07-11,0,17:59,169.4915,11207.99,64.56,-2.43
2022-07-11,0,18:00,169.4915,11209.99,64.6,-2.38
2022-07-11,0,18:02,169.4915,11201.0,64.6,-2.3
2022-07-11,0,18:03,169.4915,11201.0,64.6,-2.3
2022-07-11,0,18:05,169.4915,11219.99,65.4,-1.22
2022-07-11,0,18:06,169.4915,11189.94,64.68,-2.07
2022-07-11,0,18:07,169.4915,11210.0,64.68,-2.26
2022-07-11,0,18:09,169.4915,11210.0,64.68,-2.26
2022-07-11,0,18:10,169.4915,11205.0,64.63,-2.29
2022-07-11,0,18:12,169.4915,11227.99,64.7,-2.39
2022-07-11,0,18:13,169.4915,11227.0,66.0,-0.36
2022-07-11,0,18:14,169.4915,11227.0,64.72,-2.35
2022-07-11,0,18:16,169.4915,11226.8,64.6,-2.54
2022-07-11,0,18:17,169.4915,11220.0,64.6,-2.47
2022-07-11,0,18:18,169.4915,11226.7,64.6,-2.53
2022-07-11,0,18:20,169.4915,11219.8,64.55,-2.55
2022-07-11,0,18:21,169.4915,11225.99,64.54,-2.62
2022-07-11,0,18:22,169.4915,11220.0,64.57,-2.52
2022-07-11,0,18:24,169.4915,11224.4,64.57,-2.56
2022-07-11,0,18:25,169.4915,11225.99,64.55,-2.61
2022-07-11,0,18:26,169.4915,11225.99,64.6,-2.53
2022-07-11,0,18:27,169.4915,11240.0,64.76,-2.4
2022-07-11,0,18:29,169.4915,11240.0,64.8,-2.34
2022-07-11,0,18:30,169.4915,11239.0,64.61,-2.63
2022-07-11,0,18:31,169.4915,11240.0,64.62,-2.62
2022-07-11,0,18:33,175.4386,11190.0,64.67,1.37
2022-07-11,0,18:34,175.4386,11240.0,64.8,1.13
2022-07-11,0,18:35,175.4386,11244.43,64.67,0.89
2022-07-11,0,18:37,175.4386,11240.0,64.65,0.9
2022-07-11,0,18:38,175.4386,11240.0,64.61,0.84
2022-07-11,0,18:39,175.4386,11240.0,64.56,0.76
2022-07-11,0,18:43,175.4386,11240.0,64.42,0.55
2022-07-11,0,18:44,175.4386,11242.0,64.44,0.56
2022-07-11,0,18:46,175.4386,11239.8,64.5,0.67
2022-07-11,0,18:47,175.4386,11239.8,64.65,0.9
2022-07-11,0,18:48,175.4386,11240.0,64.45,0.59
2022-07-11,0,18:50,175.4386,11240.0,64.45,0.59
2022-07-11,0,18:51,175.4386,11243.0,64.45,0.57
2022-07-11,0,18:52,175.4386,11243.0,64.58,0.77
2022-07-11,0,18:54,175.4386,11243.0,64.58,0.77
2022-07-11,0,18:59,175.4386,11243.0,64.69,0.94
2022-07-11,0,19:01,175.4386,11245.0,64.42,0.5
2022-07-11,0,19:02,175.4386,11243.0,64.42,0.52
2022-07-11,0,20:32,175.4386,11280.0,64.85,0.85
2022-07-11,0,20:34,175.4386,11275.0,64.08,-0.29
2022-07-11,0,20:35,175.4386,11280.0,64.17,-0.2
2022-07-11,0,20:36,175.4386,11275.0,63.95,-0.5
2022-07-11,0,20:37,175.4386,11270.0,63.96,-0.44
2022-07-11,0,20:39,175.4386,11269.9,63.96,-0.44
2022-07-11,0,20:40,175.4386,11263.0,63.95,-0.39
2022-07-11,0,20:41,175.4386,11262.9,63.94,-0.4
2022-07-11,0,20:43,175.4386,11260.0,63.91,-0.43
2022-07-11,0,20:44,175.4386,11259.8,63.9,-0.44
2022-07-11,0,20:45,175.4386,11250.0,63.82,-0.48
2022-07-11,0,20:47,175.4386,11250.0,63.88,-0.38
2022-07-11,0,20:48,175.4386,11220.0,63.88,-0.12
2022-07-11,0,20:49,175.4386,11246.9,65.0,1.37
2022-07-11,0,20:51,175.4386,11248.0,65.0,1.36
2022-07-11,0,20:52,175.4386,11248.0,63.85,-0.41
2022-07-11,0,20:53,175.4386,11250.0,63.85,-0.43
2022-07-11,0,20:54,175.4386,11254.0,63.85,-0.47
2022-07-11,0,20:56,175.4386,11254.0,63.87,-0.43
2022-07-11,0,20:57,175.4386,11250.0,65.0,1.35
2022-07-11,0,20:58,175.4386,11250.0,63.88,-0.38
2022-07-11,0,21:00,175.4386,11250.0,65.0,1.35
2022-07-11,0,21:01,175.4386,11249.0,65.0,1.35
2022-07-11,0,21:02,175.4386,11248.0,63.91,-0.32
2022-07-11,0,21:03,175.4386,11248.0,64.2,0.13
2022-07-11,0,21:05,175.4386,11248.0,64.2,0.13
2022-07-11,0,21:06,175.4386,11248.0,64.2,0.13
2022-07-11,0,21:07,175.4386,11248.0,65.0,1.36
2022-07-11,0,21:09,175.4386,11248.0,64.2,0.13
2022-07-11,0,21:10,175.4386,11247.0,63.94,-0.26
2022-07-11,0,21:11,175.4386,11247.0,65.0,1.37
2022-07-11,0,21:12,175.4386,11247.0,63.9,-0.33
2022-07-11,0,21:14,175.4386,11247.0,65.0,1.37
2022-07-11,0,21:15,175.4386,11246.0,65.0,1.38
2022-07-11,0,21:16,175.4386,11246.0,65.0,1.38
2022-07-11,0,21:18,175.4386,11245.0,65.0,1.39
2022-07-11,0,21:19,175.4386,11245.0,63.95,-0.23
2022-07-11,0,21:20,175.4386,11245.0,63.95,-0.23
2022-07-11,0,21:21,175.4386,11242.99,65.0,1.41
2022-07-11,0,21:23,175.4386,11244.9,63.94,-0.24
2022-07-11,0,21:24,175.4386,11244.77,63.92,-0.27
2022-07-11,0,21:26,175.4386,11240.0,65.0,1.43
2022-07-11,0,21:27,175.4386,11240.0,65.0,1.43
2022-07-11,0,21:28,175.4386,11244.0,65.0,1.4
2022-07-11,0,21:30,175.4386,11244.0,65.0,1.4
2022-07-11,0,21:31,175.4386,11240.66,63.95,-0.19
2022-07-11,0,21:33,175.4386,11240.0,64.0,-0.11
2022-07-11,0,21:34,175.4386,11239.99,65.0,1.43
2022-07-11,0,21:35,175.4386,11239.99,65.0,1.43
2022-07-11,0,21:37,175.4386,11239.99,64.02,-0.07
2022-07-11,0,21:38,175.4386,11239.99,65.0,1.43
2022-07-11,0,21:39,175.4386,11243.0,65.0,1.41
2022-07-11,0,21:41,175.4386,11243.0,65.0,1.41
2022-07-11,0,21:42,175.4386,11240.0,65.0,1.43
2022-07-11,0,21:43,175.4386,11239.8,65.0,1.44
2022-07-11,0,21:44,175.4386,11239.0,65.0,1.44
2022-07-11,0,21:46,175.4386,11239.0,65.0,1.44
2022-07-11,0,21:47,175.4386,11235.98,65.0,1.47
2022-07-11,0,21:48,175.4386,11238.99,65.0,1.44
2022-07-11,0,21:50,175.4386,11238.0,65.0,1.45
2022-07-11,0,21:51,175.4386,11237.0,64.08,0.05
2022-07-11,0,21:52,175.4386,11237.99,64.08,0.04
2022-07-11,0,21:54,175.4386,11237.0,65.0,1.46
2022-07-11,0,21:55,175.4386,11237.0,65.0,1.46
2022-07-11,0,21:56,175.4386,11237.0,65.0,1.46
2022-07-11,0,21:57,175.4386,11230.0,64.08,0.11
2022-07-11,0,21:59,175.4386,11233.0,64.08,0.08
2022-07-11,0,22:00,175.4386,11233.0,65.0,1.5
2022-07-11,0,22:01,175.4386,11233.0,65.0,1.5
2022-07-11,0,22:03,175.4386,11233.0,65.0,1.5
2022-07-11,0,22:04,175.4386,11233.0,65.0,1.5
2022-07-11,0,22:05,175.4386,11225.0,65.0,1.57
2022-07-11,0,22:07,175.4386,10895.99,63.98,2.93
2022-07-11,0,22:08,175.4386,11232.5,63.97,-0.09
2022-07-11,0,22:09,175.4386,11232.5,65.0,1.5
2022-07-11,0,22:10,175.4386,11230.0,65.0,1.52
2022-07-11,0,22:12,175.4386,11234.0,65.0,1.49
2022-07-11,0,22:13,175.4386,11234.0,64.0,-0.05
2022-07-11,0,22:14,175.4386,11234.0,64.0,-0.05
2022-07-11,0,22:16,175.4386,11233.0,64.0,-0.04
2022-07-11,0,22:17,178.2475,11233.0,64.0,1.53
2022-07-11,0,22:18,178.2475,11233.0,64.0,1.53
2022-07-11,0,22:19,178.2475,11232.0,64.0,1.54
2022-07-11,0,22:21,178.2475,11230.0,63.99,1.54
2022-07-11,0,22:22,178.2475,11220.0,63.95,1.57
2022-07-11,0,22:23,178.2475,11219.0,63.98,1.62
2022-07-11,0,22:25,178.2475,11215.0,63.98,1.66
2022-07-11,0,22:26,178.2475,11214.0,64.0,1.7
2022-07-11,0,22:27,178.2475,11214.0,64.0,1.7
2022-07-11,0,22:29,178.2475,11211.0,64.0,1.73
2022-07-11,0,22:30,178.2475,11210.0,64.0,1.73
2022-07-11,0,22:31,178.2475,11200.0,64.0,1.82
2022-07-11,0,22:33,178.2475,11210.0,63.94,1.64
2022-07-11,0,22:34,178.2475,11209.0,63.95,1.67
2022-07-11,0,22:35,178.2475,11209.98,63.94,1.64
2022-07-11,0,22:37,178.2475,11205.0,63.92,1.66
2022-07-11,0,22:38,178.2475,11205.0,63.94,1.69
2022-07-11,0,22:40,178.2475,11200.0,63.94,1.73
2022-07-11,0,22:41,178.2475,11200.0,63.95,1.75
2022-07-11,0,22:43,178.2475,11203.0,63.98,1.76
2022-07-11,0,22:44,178.2475,11204.99,63.98,1.75
2022-07-11,0,22:46,178.2475,11205.0,63.99,1.76
2022-07-11,0,22:47,178.2475,11208.0,63.99,1.74
2022-07-11,0,22:48,178.2475,11208.0,63.99,1.74
2022-07-11,0,22:50,178.2475,11207.98,64.0,1.75
2022-07-11,0,22:51,178.2475,11210.0,64.0,1.73
2022-07-11,0,22:52,178.2475,11210.0,64.0,1.73
2022-07-11,0,22:54,178.2475,11210.0,64.01,1.75
2022-07-11,0,22:55,178.2475,11209.0,64.0,1.74
2022-07-11,0,22:56,178.2475,11209.0,64.0,1.74
2022-07-11,0,22:58,178.2475,11209.0,64.0,1.74
2022-07-11,0,22:59,178.2475,11209.0,64.0,1.74
2022-07-11,0,23:00,178.2475,11209.9,64.0,1.74
2022-07-11,0,23:02,178.2475,11209.8,64.0,1.74
2022-07-11,0,23:03,178.2475,11209.8,64.0,1.74
2022-07-11,0,23:04,178.2475,11209.9,63.99,1.72
2022-07-11,0,23:05,178.2475,11208.0,63.99,1.74
2022-07-11,0,23:07,178.2475,11208.0,63.99,1.74
2022-07-11,0,23:08,178.2475,11209.98,63.98,1.7
2022-07-11,0,23:09,178.2475,11209.98,63.98,1.7
2022-07-11,0,23:11,178.2475,11209.0,63.98,1.71
2022-07-11,0,23:12,178.2475,11209.0,64.0,1.74
2022-07-11,0,23:13,178.2475,11209.0,63.99,1.73
2022-07-11,0,23:15,178.2475,11209.98,63.9,1.58
2022-07-11,0,23:16,178.2475,11210.0,63.89,1.57
2022-07-11,0,23:17,178.2475,11210.0,63.89,1.57
2022-07-11,0,23:18,178.2475,11215.0,63.89,1.52
2022-07-11,0,23:20,178.2475,11209.0,63.98,1.71
2022-07-11,0,23:21,178.2475,11208.0,63.84,1.51
2022-07-11,0,23:22,178.2475,11209.0,63.84,1.5
2022-07-11,0,23:24,178.2475,11208.0,63.83,1.49
2022-07-11,0,23:25,178.2475,11208.0,63.7,1.29
2022-07-11,0,23:26,178.2475,11210.0,63.8,1.43
2022-07-11,0,23:27,178.2475,11205.98,63.7,1.31
2022-07-11,0,23:29,178.2475,11205.98,63.71,1.32
2022-07-11,0,23:30,178.2475,11209.0,63.8,1.43
2022-07-11,0,23:31,178.2475,11208.0,63.71,1.3
2022-07-11,0,23:33,178.2475,11205.98,63.72,1.34
2022-07-11,0,23:34,178.2475,11205.0,63.72,1.35
2022-07-11,0,23:35,178.2475,11205.0,63.72,1.35
2022-07-11,0,23:36,178.2475,11204.8,63.72,1.35
2022-07-11,0,23:38,178.2475,11204.8,63.72,1.35
2022-07-11,0,23:39,178.2475,11200.0,63.8,1.51
2022-07-11,0,23:40,178.2475,11199.0,63.8,1.52
2022-07-11,0,23:42,178.2475,11198.0,63.8,1.53
2022-07-11,0,23:43,178.2475,11197.0,63.73,1.43
2022-07-11,0,23:47,178.2475,11185.0,63.75,1.57
2022-07-11,0,23:49,178.2475,11182.0,63.75,1.6
2022-07-11,0,23:50,178.2475,11183.0,63.75,1.59
2022-07-11,0,23:52,178.2475,11180.0,63.75,1.61
2022-07-11,0,23:53,178.2475,11175.99,63.75,1.65
2022-07-11,0,23:55,178.2475,11160.0,63.8,1.87
2022-07-11,0,23:56,178.2475,11160.0,65.5,4.41
2022-07-11,0,23:57,178.2475,11160.0,63.78,1.84
2022-07-11,0,23:58,178.2475,11160.0,65.5,4.41
2022-07-12,1,00:00,178.2475,11160.0,63.77,1.82
2022-07-12,1,00:01,178.2475,11160.0,63.77,1.82
2022-07-12,1,00:02,178.2475,11160.99,63.77,1.81
2022-07-12,1,00:04,178.2475,11160.99,63.77,1.81
2022-07-12,1,00:05,178.2475,11162.59,63.9,2.0
2022-07-12,1,00:06,178.2475,11162.59,63.9,2.0
2022-07-12,1,00:07,178.2475,11160.0,63.75,1.79
2022-07-12,1,00:09,178.2475,11161.0,64.11,2.33
2022-07-12,1,00:10,178.2475,11161.0,63.72,1.73
2022-07-12,1,00:11,178.2475,11172.0,63.8,1.76
2022-07-12,1,00:13,178.2475,11174.0,63.8,1.74
2022-07-12,1,00:14,178.2475,11190.0,63.8,1.6
2022-07-12,1,00:15,178.2475,11195.0,63.8,1.56
2022-07-12,1,00:16,178.2475,11205.04,63.8,1.47
2022-07-12,1,00:18,178.2475,11214.0,63.84,1.45
2022-07-12,1,00:19,178.2475,11214.0,63.92,1.58
2022-07-12,1,00:20,178.2475,11200.0,64.01,1.84
2022-07-12,1,00:22,178.2475,11219.0,63.97,1.61
2022-07-12,1,00:23,178.2475,11215.0,63.92,1.57
2022-07-12,1,00:24,178.2475,11218.0,63.95,1.59
2022-07-12,1,00:26,178.2475,11214.0,63.95,1.62
2022-07-12,1,00:27,178.2475,11214.0,63.97,1.65
2022-07-12,1,00:28,178.2475,11216.9,64.0,1.67
2022-07-12,1,00:29,178.2475,11216.9,64.08,1.8
2022-07-12,1,00:31,178.2475,11160.99,64.11,2.33
2022-07-12,1,00:32,178.2475,11216.9,64.2,1.98
2022-07-12,1,00:33,178.2475,11216.9,64.13,1.87
2022-07-12,1,00:35,178.2475,11216.0,64.13,1.88
2022-07-12,1,00:36,178.2475,11216.0,64.13,1.88
2022-07-12,1,00:37,178.2475,11216.0,64.15,1.91
2022-07-12,1,00:38,178.2475,11210.0,64.13,1.93
2022-07-12,1,00:40,178.2475,11216.0,64.2,1.99
2022-07-12,1,00:41,178.2475,11216.9,64.14,1.89
2022-07-12,1,00:42,178.2475,11215.0,64.15,1.92
2022-07-12,1,00:44,178.2475,11215.0,64.2,2.0
2022-07-12,1,00:45,178.2475,11210.0,64.2,2.04
2022-07-12,1,00:46,178.2475,11202.0,64.2,2.11
2022-07-12,1,00:47,178.2475,11210.99,64.2,2.03
2022-07-12,1,00:49,178.2475,11215.0,64.23,2.04
2022-07-12,1,00:50,178.2475,11202.0,64.25,2.19
2022-07-12,1,00:52,178.2475,11208.27,64.31,2.22
2022-07-12,1,00:53,178.2475,11208.27,64.5,2.51
2022-07-12,1,00:55,178.2475,11200.0,64.51,2.6
2022-07-12,1,00:56,178.2475,11202.0,64.51,2.58
2022-07-12,1,00:58,178.2475,11202.0,64.5,2.57
2022-07-12,1,00:59,178.2475,11202.0,64.5,2.57
2022-07-12,1,01:00,178.2475,11200.27,64.39,2.41
2022-07-12,1,01:02,178.2475,11200.27,64.42,2.46
2022-07-12,1,01:03,178.2475,11200.27,64.43,2.47
2022-07-12,1,01:05,178.2475,11200.27,64.44,2.49
2022-07-12,1,01:06,178.2475,11200.27,64.45,2.51
2022-07-12,1,01:07,178.2475,11217.0,64.45,2.36
2022-07-12,1,01:09,178.2475,11220.0,64.47,2.36
2022-07-12,1,01:10,178.2475,11218.0,64.47,2.38
2022-07-12,1,01:11,178.2475,11220.0,64.5,2.41
2022-07-12,1,01:13,178.2475,11220.0,64.46,2.35
2022-07-12,1,01:14,178.2475,11219.0,64.46,2.36
2022-07-12,1,01:16,178.2475,11219.0,64.46,2.36
2022-07-12,1,01:17,178.2475,11228.0,64.5,2.34
2022-07-12,1,01:19,178.2475,11205.0,64.5,2.54
2022-07-12,1,01:20,178.2475,11228.0,64.5,2.34
2022-07-12,1,01:21,178.2475,11215.0,64.35,2.23
2022-07-12,1,01:23,178.2475,11215.0,64.35,2.23
2022-07-12,1,01:24,178.2475,11215.0,64.44,2.36
2022-07-12,1,01:26,178.2475,11215.0,64.31,2.16
2022-07-12,1,01:27,178.2475,11215.0,64.31,2.16
2022-07-12,1,01:28,178.2475,11215.0,64.31,2.16
2022-07-12,1,01:30,178.2475,11205.0,64.31,2.25
2022-07-12,1,01:31,178.2475,11204.0,64.31,2.26
2022-07-12,1,01:33,178.2475,11204.0,64.31,2.26
2022-07-12,1,01:34,178.2475,11204.0,64.31,2.26
2022-07-12,1,01:35,178.2475,11203.0,64.21,2.12
2022-07-12,1,01:37,178.2475,11203.0,64.2,2.1
2022-07-12,1,01:38,178.2475,11209.0,64.2,2.05
2022-07-12,1,01:39,178.2475,11210.0,64.2,2.04
2022-07-12,1,01:41,178.2475,11210.0,64.4,2.34
2022-07-12,1,01:42,178.2475,11210.0,64.22,2.07
2022-07-12,1,01:44,178.2475,11210.0,64.23,2.09
2022-07-12,1,01:45,178.2475,11214.0,64.24,2.07
2022-07-12,1,01:46,178.2475,11215.0,64.26,2.09
2022-07-12,1,01:48,178.2475,11215.0,64.26,2.09
2022-07-12,1,01:49,178.2475,11215.0,64.27,2.1
2022-07-12,1,01:50,178.2475,11200.0,64.28,2.25
2022-07-12,1,01:52,178.2475,11200.0,64.31,2.3
2022-07-12,1,01:53,178.2475,11200.0,64.31,2.3
2022-07-12,1,01:54,178.2475,11200.0,64.24,2.19
2022-07-12,1,01:56,178.2475,11200.0,64.26,2.22
2022-07-12,1,01:57,178.2475,11198.0,64.26,2.24
2022-07-12,1,01:59,178.2475,11197.0,64.26,2.25
2022-07-12,1,02:00,178.2475,11200.0,64.27,2.23
2022-07-12,1,02:01,178.2475,11200.0,64.27,2.23
2022-07-12,1,02:03,178.2475,11215.0,64.28,2.12
2022-07-12,1,02:04,178.2475,11200.0,64.3,2.28
2022-07-12,1,02:06,178.2475,11200.0,64.31,2.3
2022-07-12,1,02:07,178.2475,11200.0,64.31,2.3
2022-07-12,1,02:08,178.2475,11225.0,64.29,2.05
2022-07-12,1,02:10,178.2475,11200.0,64.2,2.13
2022-07-12,1,02:11,178.2475,11200.0,64.2,2.13
2022-07-12,1,02:13,178.2475,11169.0,64.2,2.4
2022-07-12,1,02:14,178.2475,11200.0,64.33,2.33
2022-07-12,1,02:15,178.2475,11200.0,64.33,2.33
2022-07-12,1,02:17,178.2475,11200.0,64.26,2.22
2022-07-12,1,02:18,178.2475,11215.0,64.26,2.09
2022-07-12,1,02:19,178.2475,11200.0,64.16,2.07
2022-07-12,1,02:21,178.2475,11200.0,64.16,2.07
2022-07-12,1,02:22,178.2475,11200.0,64.16,2.07
2022-07-12,1,02:23,178.2475,11200.0,64.16,2.07
2022-07-12,1,02:25,178.2475,11200.0,64.14,2.04
2022-07-12,1,02:26,178.2475,11200.0,64.14,2.04
2022-07-12,1,02:28,178.2475,11200.0,64.14,2.04
2022-07-12,1,02:29,178.2475,11200.0,64.14,2.04
2022-07-12,1,02:30,178.2475,11200.0,64.14,2.04
2022-07-12,1,02:32,178.2475,11200.0,64.1,1.98
2022-07-12,1,02:33,178.2475,11200.0,64.1,1.98
2022-07-12,1,02:34,178.2475,11200.0,64.1,1.98
2022-07-12,1,02:36,178.2475,11200.0,64.27,2.23
2022-07-12,1,02:37,178.2475,11200.0,64.27,2.23
2022-07-12,1,02:38,178.2475,11200.0,64.27,2.23
2022-07-12,1,02:40,178.2475,11200.0,64.15,2.05
2022-07-12,1,02:41,178.2475,11200.0,64.15,2.05
2022-07-12,1,02:43,178.2475,11200.0,64.2,2.13
2022-07-12,1,02:44,178.2475,11200.0,64.21,2.14
2022-07-12,1,02:45,178.2475,11200.0,64.21,2.14
2022-07-12,1,02:47,178.2475,11200.0,64.21,2.14
2022-07-12,1,02:48,178.2475,11200.0,64.2,2.13
2022-07-12,1,02:49,178.2475,11215.0,64.2,2.0
2022-07-12,1,02:51,178.2475,11215.0,64.2,2.0
2022-07-12,1,02:52,178.2475,11215.0,64.27,2.1
2022-07-12,1,02:54,178.2475,11238.0,64.27,1.9
2022-07-12,1,02:55,178.2475,11238.0,64.27,1.9
2022-07-12,1,02:56,178.2475,11238.0,64.26,1.89
2022-07-12,1,02:58,178.2475,11238.0,64.26,1.89
2022-07-12,1,02:59,178.2475,11238.0,64.2,1.8
2022-07-12,1,03:00,178.2475,11225.0,64.2,1.91
2022-07-12,1,03:02,178.2475,11225.0,64.2,1.91
2022-07-12,1,03:03,178.2475,11225.0,64.2,1.91
2022-07-12,1,03:04,178.2475,11225.0,64.2,1.91
2022-07-12,1,15:55,177.4301,11200.0,63.45,0.97
2022-07-12,1,15:56,177.4301,11215.0,63.5,0.46
2022-07-12,1,15:57,177.4301,11214.0,63.5,0.47
2022-07-12,1,15:59,177.4301,11200.0,63.42,0.47
2022-07-12,1,16:00,177.4301,11210.0,63.42,0.38
2022-07-12,1,16:02,177.4301,11210.0,63.42,0.38
2022-07-12,1,16:03,177.4301,11205.0,63.38,0.36
2022-07-12,1,16:04,177.4301,11208.0,63.37,0.32
2022-07-12,1,16:06,177.4301,11200.0,63.37,0.39
2022-07-12,1,16:07,177.4301,11200.0,63.36,0.37
2022-07-12,1,16:08,177.4301,11200.0,63.36,0.37
2022-07-12,1,16:10,177.4301,11199.0,63.3,0.29
2022-07-12,1,16:11,177.4301,11195.0,63.21,0.18
2022-07-12,1,16:12,177.4301,11195.0,63.16,0.1
2022-07-12,1,16:14,177.4301,11194.99,63.09,-0.01
2022-07-12,1,16:15,177.4301,11194.99,63.07,-0.04
2022-07-12,1,16:16,177.4301,11194.98,63.05,-0.07
2022-07-12,1,16:18,177.4301,11195.0,63.05,-0.07
2022-07-12,1,16:19,177.4301,11205.0,63.05,-0.16
2022-07-12,1,16:20,177.4301,11205.0,63.05,-0.16
2022-07-12,1,16:22,177.4301,11205.0,63.0,-0.24
2022-07-12,1,16:23,177.4301,11207.0,62.91,-0.4
2022-07-12,1,16:24,177.4301,11190.0,62.81,-0.41
2022-07-12,1,16:26,177.4301,11210.0,62.81,-0.59
2022-07-12,1,16:27,177.4301,11209.0,63.0,-0.28
2022-07-12,1,16:28,177.4301,11209.0,62.8,-0.6
2022-07-12,1,16:29,177.4301,11215.0,63.0,-0.33
2022-07-12,1,16:31,177.4301,11213.0,62.89,-0.49
2022-07-12,1,16:32,177.4301,11213.0,62.7,-0.79
2022-07-12,1,16:33,177.4301,11215.0,62.65,-0.89
2022-07-12,1,16:35,177.4301,11216.0,62.65,-0.9
2022-07-12,1,16:36,177.4301,11215.0,62.65,-0.89
2022-07-12,1,16:37,177.4301,11217.0,62.9,-0.51
2022-07-12,1,16:39,177.4301,11217.5,62.9,-0.51
2022-07-13,2,13:17,178.6798,11266.0,63.2,0.24
2022-07-13,2,13:19,178.6798,11266.0,63.05,-0.0
2022-07-13,2,13:20,178.6798,11266.0,63.15,0.16
2022-07-13,2,13:21,178.6798,11267.0,63.2,0.23
2022-07-13,2,13:22,178.6798,11267.0,63.21,0.24
2022-07-13,2,13:24,178.6798,11260.0,63.21,0.3
2022-07-13,2,13:25,178.6798,11267.0,63.2,0.23
2022-07-13,2,13:26,178.6798,11267.0,63.21,0.24
2022-07-13,2,13:28,178.6798,11267.0,63.21,0.24
2022-07-13,2,13:29,178.6798,11267.0,63.05,-0.01
2022-07-13,2,13:30,178.6798,11267.0,63.05,-0.01
2022-07-13,2,13:31,178.6798,11267.0,63.05,-0.01
2022-07-13,2,13:33,178.6798,11267.0,63.05,-0.01
2022-07-13,2,13:34,178.6798,11265.0,63.05,0.01
2022-07-13,2,13:35,178.6798,11265.0,63.05,0.01
2022-07-13,2,13:36,178.6798,11264.99,63.15,0.17
2022-07-13,2,13:38,178.6798,11264.9,63.15,0.17
2022-07-13,2,13:39,178.6798,11264.9,63.15,0.17
2022-07-13,2,13:40,178.6798,11264.9,63.17,0.2
2022-07-13,2,13:42,178.6798,11264.98,63.17,0.2
2022-07-13,2,13:43,178.6798,11264.98,63.11,0.1
2022-07-13,2,13:44,178.6798,11264.98,63.17,0.2
2022-07-13,2,13:45,178.6798,11264.98,63.17,0.2
2022-07-13,2,13:47,178.6798,11260.0,63.17,0.24
2022-07-13,2,13:48,178.6798,11264.98,63.17,0.2
2022-07-13,2,13:49,178.6798,11260.0,63.17,0.24
2022-07-13,2,13:50,178.6798,11260.0,63.08,0.1
2022-07-13,2,13:52,178.6798,11260.0,63.08,0.1
2022-07-13,2,13:53,178.6798,11263.99,63.08,0.06
2022-07-13,2,13:54,178.6798,11263.99,63.17,0.21
2022-07-13,2,13:56,178.6798,11263.99,63.17,0.21
2022-07-13,2,13:57,178.6798,11264.0,63.17,0.21
2022-07-13,2,13:58,178.6798,11262.0,63.17,0.22
2022-07-13,2,13:59,178.6798,11260.0,63.17,0.24
2022-07-13,2,14:01,178.6798,11260.0,63.17,0.24
2022-07-13,2,14:02,178.6798,11260.0,63.1,0.13
2022-07-13,2,14:03,178.6798,11260.0,63.1,0.13
2022-07-13,2,14:05,178.6798,11259.99,63.16,0.23
2022-07-13,2,14:06,178.6798,11259.99,63.1,0.13
2022-07-13,2,14:07,178.6798,11259.99,63.09,0.11
2022-07-13,2,14:08,178.6798,11253.63,63.16,0.28
2022-07-13,2,14:10,178.6798,11253.63,63.08,0.16
2022-07-13,2,14:11,178.6798,11255.0,63.08,0.14
2022-07-13,2,14:12,178.6798,11255.0,63.16,0.27
2022-07-13,2,14:14,178.6798,11260.0,63.08,0.1
2022-07-13,2,14:15,178.6798,11259.99,63.08,0.1
2022-07-13,2,14:16,178.6798,11260.0,63.1,0.13
2022-07-13,2,14:18,178.6798,11260.0,63.08,0.1
2022-07-13,2,14:19,180.8108,11259.0,63.3,1.63
2022-07-13,2,14:20,180.8108,11259.0,63.08,1.28
2022-07-13,2,14:21,180.8108,11259.0,63.1,1.32
2022-07-13,2,14:23,180.8108,11259.98,63.09,1.29
2022-07-13,2,14:24,180.8108,11259.98,63.06,1.24
2022-07-13,2,14:25,180.8108,11250.0,63.06,1.33
2022-07-13,2,14:27,180.8108,11250.0,63.06,1.33
2022-07-13,2,14:28,180.8108,11250.0,63.05,1.32
2022-07-13,2,14:29,180.8108,11252.0,63.1,1.38
2022-07-13,2,14:30,180.8108,11260.0,63.06,1.24
2022-07-13,2,14:32,180.8108,11260.0,63.02,1.18
2022-07-13,2,14:33,180.8108,11260.0,63.01,1.17
2022-07-13,2,14:34,180.8108,11260.0,63.03,1.2
2022-07-13,2,14:36,180.8108,11262.0,63.01,1.15
2022-07-13,2,14:37,180.8108,11262.0,63.01,1.15
2022-07-13,2,14:38,180.8108,11259.0,63.01,1.18
2022-07-13,2,14:40,180.8108,11258.99,63.0,1.16
2022-07-13,2,14:41,180.8108,11259.0,63.0,1.16
2022-07-13,2,14:42,180.8108,11250.0,63.0,1.24
2022-07-13,2,14:44,180.8108,11259.0,63.0,1.16
2022-07-13,2,14:45,180.8108,11259.0,63.0,1.16
2022-07-13,2,14:47,180.8108,11250.0,62.9,1.08
2022-07-13,2,14:48,180.8108,11250.0,62.9,1.08
2022-07-13,2,14:49,180.8108,11260.0,62.9,0.99
2022-07-13,2,14:50,180.8108,11263.0,62.91,0.98
2022-07-13,2,14:52,180.8108,11260.0,62.93,1.04
2022-07-13,2,14:53,180.8108,11250.0,63.05,1.32
2022-07-13,2,14:54,180.8108,11260.0,63.0,1.15
2022-07-13,2,14:56,180.8108,11260.0,63.0,1.15
2022-07-13,2,14:57,180.8108,11250.0,63.0,1.24
2022-07-13,2,14:58,180.8108,11240.0,63.0,1.33
2022-07-13,2,14:59,180.8108,11260.0,63.0,1.15
2022-07-13,2,15:01,180.8108,11260.0,62.97,1.1
2022-07-13,2,15:02,180.8108,11266.5,63.0,1.09
2022-07-13,2,15:04,180.8108,11250.0,62.97,1.19
2022-07-13,2,15:05,180.8108,11265.0,62.96,1.04
2022-07-13,2,15:06,180.8108,11265.0,62.97,1.06
2022-07-13,2,15:08,180.8108,11265.0,62.97,1.06
2022-07-13,2,15:09,180.8108,11260.99,63.0,1.14
2022-07-13,2,15:10,180.8108,11260.0,62.97,1.1
2022-07-13,2,15:11,180.8108,11259.99,62.97,1.1
2022-07-13,2,15:13,180.8108,11260.0,63.0,1.15
2022-07-13,2,15:14,180.8108,11260.0,62.93,1.04
2022-07-13,2,15:15,180.8108,11260.0,62.92,1.03
2022-07-13,2,15:16,180.8108,11260.0,63.0,1.15
2022-07-13,2,15:18,180.8108,11265.0,63.0,1.11
2022-07-13,2,15:19,180.8108,11263.99,62.97,1.07
2022-07-13,2,15:20,180.8108,11265.0,62.96,1.04
2022-07-13,2,15:22,180.8108,11265.0,62.96,1.04
2022-07-13,2,15:23,180.8108,11265.0,62.96,1.04
2022-07-13,2,15:24,180.8108,11265.0,62.96,1.04
2022-07-13,2,15:25,180.8108,11265.0,62.94,1.01
2022-07-13,2,15:27,180.8108,11260.0,62.94,1.06
2022-07-13,2,15:28,180.8108,11260.0,62.93,1.04
2022-07-13,2,15:29,180.8108,11265.0,62.96,1.04
2022-07-13,2,15:30,180.8108,11265.0,63.0,1.11
2022-07-13,2,15:32,180.8108,11265.0,63.04,1.17
2022-07-13,2,15:33,180.8108,11265.0,63.05,1.19
2022-07-13,2,15:34,180.8108,11264.0,63.05,1.19
2022-07-13,2,15:36,180.8108,11264.0,63.05,1.19
2022-07-13,2,15:37,180.8108,11263.99,63.45,1.82
2022-07-13,2,15:38,180.8108,11260.0,63.1,1.31
2022-07-13,2,15:39,180.8108,11264.0,63.07,1.23
2022-07-13,2,15:41,180.8108,11264.0,63.06,1.21
2022-07-13,2,15:42,180.8108,11264.0,63.13,1.32
2022-07-13,2,15:43,180.8108,11270.0,63.16,1.31
2022-07-13,2,15:45,180.8108,11270.0,63.2,1.38
2022-07-13,2,15:46,180.8108,11270.0,63.2,1.38
2022-07-13,2,15:47,180.8108,11286.0,63.15,1.16
2022-07-13,2,15:49,180.8108,11279.99,63.13,1.18
2022-07-13,2,15:50,180.8108,11259.9,63.14,1.37
2022-07-13,2,15:51,180.8108,11279.99,63.16,1.23
2022-07-13,2,15:53,180.8108,11275.0,63.16,1.27
2022-07-13,2,15:54,180.8108,11265.0,63.16,1.36
2022-07-13,2,15:55,180.8108,11283.0,63.19,1.25
2022-07-13,2,15:57,180.8108,11283.0,63.18,1.23
2022-07-13,2,15:58,180.8108,11283.0,63.28,1.39
2022-07-13,2,16:00,180.8108,10945.21,63.28,4.34
2022-07-13,2,16:01,180.8108,11283.0,63.3,1.42
2022-07-13,2,16:02,180.8108,11280.0,63.18,1.26
2022-07-13,2,16:04,180.8108,11285.0,63.28,1.37
2022-07-13,2,16:05,180.8108,11284.9,63.18,1.21
2022-07-13,2,16:06,180.8108,11284.9,63.21,1.26
2022-07-13,2,16:07,180.8108,11280.0,63.25,1.37
2022-07-13,2,16:09,180.8108,11280.0,63.25,1.37
2022-07-13,2,16:10,180.8108,11284.9,63.28,1.37
2022-07-13,2,16:11,180.8108,11284.9,63.22,1.28
2022-07-13,2,16:13,180.8108,11270.0,63.22,1.41
2022-07-13,2,16:14,180.8108,11280.0,63.17,1.24
2022-07-13,2,16:15,180.8108,11284.9,63.16,1.18
2022-07-13,2,16:16,180.8108,11284.9,63.3,1.4
2022-07-13,2,16:18,180.8108,11280.0,63.16,1.23
2022-07-13,2,16:19,180.8108,11270.0,63.4,1.69
2022-07-13,2,16:20,180.8108,11299.0,63.15,1.04
2022-07-13,2,16:21,180.8108,11290.0,63.15,1.12
2022-07-13,2,16:23,180.8108,11280.0,63.15,1.21
2022-07-13,2,16:24,180.8108,11199.0,63.15,1.92
2022-07-13,2,16:25,180.8108,11290.0,63.15,1.12
2022-07-13,2,16:27,180.8108,11290.0,63.15,1.12
2022-07-13,2,16:28,180.8108,11295.0,63.15,1.08
2022-07-13,2,16:29,180.8108,11295.0,63.15,1.08
2022-07-13,2,16:31,180.8108,11295.0,63.18,1.13
2022-07-13,2,16:32,180.8108,11300.0,63.15,1.04
2022-07-13,2,16:33,180.8108,11285.05,63.15,1.17
2022-07-13,2,16:34,180.8108,11299.9,63.15,1.04
2022-07-13,2,16:36,180.8108,11299.0,63.15,1.04
2022-07-13,2,16:37,180.8108,11299.0,63.15,1.04
2022-07-13,2,16:39,180.8108,11310.0,63.15,0.95
2022-07-13,2,16:40,180.8108,11282.9,63.15,1.18
2022-07-13,2,16:41,180.8108,11310.0,63.05,0.79
2022-07-13,2,16:43,180.8108,11309.99,63.06,0.81
2022-07-13,2,16:44,180.8108,11309.99,63.18,0.99
2022-07-13,2,16:45,180.8108,11300.0,63.05,0.88
2022-07-13,2,16:47,180.8108,11315.0,63.05,0.75
2022-07-13,2,16:48,180.8108,11315.0,62.98,0.64
2022-07-13,2,16:49,180.8108,11315.0,63.0,0.67
2022-07-13,2,16:51,180.8108,11315.0,63.06,0.76
2022-07-13,2,16:52,180.8108,11200.0,63.01,1.69
2022-07-13,2,16:53,180.8108,11315.0,63.0,0.67
2022-07-13,2,16:55,180.8108,11315.0,63.03,0.72
2022-07-13,2,16:56,180.8108,11315.0,63.05,0.75
2022-07-13,2,16:57,180.8108,62.58,63.05,99.45
2022-07-13,2,16:59,180.8108,11315.0,63.05,0.75
2022-07-13,2,17:00,180.8108,11315.0,63.05,0.75
2022-07-13,2,17:01,180.8108,11315.0,63.0,0.67
2022-07-13,2,17:50,181.5122,11329.0,62.9,0.77
2022-07-13,2,17:52,181.5122,11329.0,62.9,0.77
2022-07-13,2,17:53,181.6676,11329.0,62.9,0.86
2022-07-13,2,17:54,181.6676,11328.0,62.84,0.77
2022-07-13,2,17:55,181.6676,11328.0,63.05,1.1
2022-07-13,2,17:57,181.6676,11328.0,62.84,0.77
2022-07-13,2,18:00,181.5744,11335.0,62.85,0.67
2022-07-13,2,18:04,181.5744,11328.0,62.87,0.77
2022-07-13,2,18:05,181.5744,11330.0,62.88,0.77
2022-07-13,2,18:06,181.5744,11330.0,62.88,0.77
2022-07-13,2,18:08,181.5744,11328.0,62.88,0.79
2022-07-13,2,18:10,181.5744,11310.0,62.88,0.94
2022-07-13,2,18:11,181.5744,11328.0,63.05,1.05
2022-07-13,2,18:12,181.5744,11333.0,62.85,0.7
2022-07-13,2,18:14,181.5744,11332.99,62.83,0.66
2022-07-13,2,18:15,181.5744,11320.94,62.83,0.75
2022-07-13,2,18:16,181.5744,11329.65,62.86,0.72
2022-07-13,2,18:18,181.5744,11328.99,62.88,0.76
2022-07-13,2,18:19,181.5744,11328.0,62.9,0.8
2022-07-13,2,18:20,181.5744,11310.0,62.9,0.96
2022-07-13,2,18:22,181.5744,11325.0,62.9,0.82
2022-07-13,2,18:23,181.5744,11327.0,62.91,0.82
2022-07-13,2,18:24,181.5744,11325.99,62.91,0.83
2022-07-13,2,18:26,181.5744,11320.0,62.91,0.97
2022-07-13,2,18:27,181.5744,11319.0,63.05,1.2
2022-07-13,2,18:28,181.5744,11318.0,62.86,0.91
2022-07-13,2,18:30,181.5744,11315.0,62.86,0.93
2022-07-13,2,18:31,181.5744,11315.0,62.9,1.01
2022-07-13,2,18:32,181.5744,11310.0,62.9,1.06
2022-07-13,2,18:33,181.5744,11310.0,62.9,1.06
2022-07-13,2,18:35,181.5744,11310.0,62.86,0.99
2022-07-13,2,18:36,181.5744,11180.0,62.86,2.06
2022-07-13,2,18:37,181.5744,11310.0,62.86,0.92
2022-07-13,2,18:39,181.5744,11310.0,62.85,0.9
2022-07-13,2,18:40,181.5744,11310.0,62.85,0.93
2022-07-13,2,18:42,181.5744,11310.0,62.85,0.93
2022-07-13,2,18:43,181.5744,11310.0,63.05,1.24
2022-07-13,2,18:44,181.5744,11310.0,63.05,1.24
2022-07-13,2,18:45,181.5744,11310.0,62.85,0.93
2022-07-13,2,18:47,181.5744,11310.0,62.86,0.94
2022-07-13,2,18:48,181.5744,11310.0,62.86,0.94
2022-07-13,2,18:49,181.5744,11310.0,62.83,0.9
2022-07-13,2,18:51,181.5744,11310.0,62.83,1.08
2022-07-13,2,18:52,181.5744,11306.0,62.82,1.1
2022-07-13,2,18:53,181.5744,11300.0,62.77,1.08
2022-07-13,2,18:55,181.5744,11306.0,62.75,0.99
2022-07-13,2,18:56,181.5744,11300.0,62.74,0.99
2022-07-13,2,18:58,181.5744,11299.0,63.05,1.49
2022-07-13,2,18:59,181.5744,11299.99,63.05,1.48
2022-07-13,2,19:00,181.5744,11295.0,63.05,1.52
2022-07-13,2,19:02,181.5744,11294.99,63.04,1.56
2022-07-13,2,19:03,181.5744,11294.0,63.04,1.57
2022-07-13,2,19:04,181.5744,11294.0,63.1,1.66
2022-07-13,2,19:06,181.5744,11290.0,62.76,1.16
2022-07-13,2,19:07,181.5744,11290.0,62.77,1.18
2022-07-13,2,19:08,181.5744,11290.0,63.75,2.7
2022-07-13,2,19:10,181.5744,11290.0,62.8,1.23
2022-07-13,2,19:11,181.5744,62.52,62.98,99.45
2022-07-13,2,19:12,181.5744,11290.0,63.02,1.57
2022-07-13,2,19:14,181.5744,11289.0,63.05,1.63
2022-07-13,2,19:15,181.5744,11294.0,63.05,1.58
2022-07-13,2,19:16,181.5744,11294.0,63.05,1.58
2022-07-13,2,19:18,181.5744,11294.0,63.05,1.58
2022-07-13,2,19:19,181.5744,11294.0,63.05,1.58
2022-07-13,2,19:20,181.5744,11292.99,63.05,1.59
2022-07-13,2,19:22,181.5744,11293.0,63.06,1.61
2022-07-13,2,19:23,181.5744,11294.0,62.94,1.41
2022-07-13,2,19:25,181.5744,11299.0,62.95,1.38
2022-07-13,2,19:26,181.5744,62.57,63.03,99.45
2022-07-13,2,19:28,181.5744,11299.0,63.03,1.51
2022-07-13,2,19:29,181.5744,11299.0,63.03,1.51
2022-07-13,2,19:30,181.5744,11299.0,63.03,1.51
2022-07-13,2,19:32,181.5744,11309.98,63.09,1.51
2022-07-13,2,19:34,181.5744,11305.0,63.09,1.55
2022-07-13,2,19:35,181.5744,11305.0,63.06,1.5
2022-07-13,2,19:36,181.5744,11310.0,63.09,1.51
2022-07-13,2,19:38,181.5744,11299.0,63.09,1.6
2022-07-13,2,19:39,181.5744,11310.0,63.1,1.52
2022-07-13,2,19:40,181.5744,11300.0,63.1,1.61
2022-07-13,2,19:42,181.5744,11313.13,63.1,1.5
2022-07-13,2,19:43,181.5744,11310.0,63.0,1.37
2022-07-13,2,19:44,181.5744,11310.0,62.86,1.15
2022-07-13,2,19:45,181.5744,11311.11,63.1,1.51
2022-07-13,2,19:47,181.5744,11315.0,63.1,1.48
2022-07-13,2,19:48,181.5744,11320.0,63.1,1.44
2022-07-13,2,19:50,181.5744,11325.0,63.06,1.33
2022-07-13,2,19:51,181.5744,11315.0,63.06,1.42
2022-07-13,2,19:52,181.5744,11300.0,63.06,1.55
2022-07-13,2,19:54,181.5744,11320.0,63.06,1.37
2022-07-13,2,19:55,181.5744,11320.0,63.06,1.37
2022-07-13,2,19:56,181.5744,11320.0,63.06,1.37
2022-07-13,2,19:58,181.5744,11320.0,63.06,1.37
2022-07-13,2,19:59,181.5744,11319.0,63.06,1.38
2022-07-13,2,20:00,181.5744,11310.0,63.0,1.37
2022-07-13,2,20:02,181.5744,11310.0,62.99,1.35
2022-07-13,2,20:03,181.5744,11310.0,63.0,1.37
2022-07-13,2,20:04,181.5744,11310.0,63.0,1.37
2022-07-13,2,20:06,181.5744,11320.0,63.0,1.28
2022-07-13,2,20:07,181.5744,11320.0,63.0,1.28
2022-07-13,2,20:08,181.5744,11320.0,63.05,1.36
2022-07-13,2,20:09,181.5744,11319.0,63.05,1.37
2022-07-13,2,20:11,181.5744,11319.0,63.07,1.4
2022-07-13,2,20:12,181.5744,11319.0,63.07,1.4
2022-07-13,2,20:14,181.5744,11319.0,63.07,1.4
2022-07-13,2,20:15,181.5744,11320.0,63.07,1.39
2022-07-13,2,20:16,181.5744,11320.0,63.11,1.45
2022-07-13,2,20:18,181.5744,11320.0,63.11,1.45
2022-07-13,2,20:19,181.5744,11319.77,62.92,1.16
2022-07-13,2,20:21,181.5744,11319.77,62.92,1.16
2022-07-13,2,20:22,181.5744,11319.0,62.92,1.16
2022-07-13,2,20:23,181.5744,11315.0,62.92,1.2
2022-07-13,2,20:25,181.5744,11319.0,63.0,1.29
2022-07-13,2,20:26,181.5744,11320.0,63.0,1.28
2022-07-13,2,20:27,181.5744,11320.0,63.06,1.37
2022-07-13,2,20:29,181.5744,11325.0,63.06,1.33
2022-07-13,2,20:30,181.5744,11325.0,62.92,1.11
2022-07-13,2,20:31,181.5744,11325.0,62.94,1.14
2022-07-13,2,20:33,181.5744,11320.0,63.06,1.37
2022-07-13,2,20:34,181.5744,11320.0,63.06,1.37
2022-07-13,2,20:35,181.5744,11320.0,63.06,1.37
2022-07-13,2,20:37,181.5744,11320.0,62.97,1.23
2022-07-13,2,20:38,181.5744,11320.0,62.97,1.23
2022-07-13,2,20:39,181.5744,11320.0,62.97,1.23
2022-07-13,2,20:41,181.5744,11320.0,63.06,1.37
2022-07-13,2,20:42,181.5744,11319.89,63.07,1.39
2022-07-13,2,20:44,181.5744,11320.0,63.07,1.39
2022-07-13,2,20:45,181.5744,11323.0,63.07,1.36
2022-07-13,2,20:46,181.5744,11320.0,63.07,1.39
2022-07-13,2,20:48,181.5744,11320.0,63.09,1.42
2022-07-13,2,20:49,181.5744,11324.9,63.09,1.38
2022-07-13,2,20:52,181.5744,11325.0,63.09,1.38
2022-07-13,2,20:54,181.5744,11319.89,63.09,1.42
2022-07-13,2,20:58,181.5744,11328.98,63.09,1.34
2022-07-13,2,21:02,181.5744,11325.0,63.06,1.33
2022-07-13,2,21:03,181.5744,11329.88,63.04,1.26
2022-07-13,2,21:05,181.5744,11319.0,63.01,1.3
2022-07-13,2,21:06,181.5744,11319.0,63.01,1.3
2022-07-13,2,21:07,181.5744,11326.0,63.01,1.24
2022-07-13,2,21:09,181.5744,11319.0,63.01,1.3
2022-07-13,2,21:10,181.5744,11324.0,63.01,1.26
2022-07-13,2,21:12,181.5744,11320.0,63.01,1.29
2022-07-13,2,21:13,181.5744,11320.0,63.05,1.36
2022-07-13,2,21:14,181.5744,11320.0,63.05,1.36
2022-07-13,2,21:16,181.5744,11325.0,63.05,1.31
2022-07-13,2,21:18,181.5744,11325.0,63.05,1.31
2022-07-13,2,21:19,181.5744,11325.0,63.05,1.31
2022-07-13,2,21:21,181.5744,11320.0,62.99,1.26
2022-07-13,2,21:22,181.5744,11324.0,63.0,1.24
2022-07-13,2,21:24,181.5744,11325.0,62.96,1.17
2022-07-13,2,21:25,181.5744,11325.0,63.05,1.31
2022-07-13,2,21:26,181.5744,11324.0,63.05,1.32
2022-07-13,2,21:28,181.5744,11325.0,63.05,1.31
2022-07-13,2,21:29,181.5744,11325.0,62.9,1.08
2022-07-13,2,21:30,181.5744,11324.0,63.0,1.24
2022-07-13,2,21:32,181.5744,11325.0,62.9,1.08
2022-07-13,2,21:33,181.5744,11324.0,63.84,2.54
2022-07-13,2,21:34,181.5744,11300.0,62.97,1.41
2022-07-13,2,21:36,181.5744,11322.0,62.97,1.21
2022-07-13,2,21:37,181.5744,11322.0,62.97,1.21
2022-07-13,2,21:38,181.5744,11322.0,62.97,1.21
2022-07-13,2,21:40,181.5744,11322.0,62.97,1.21
2022-07-13,2,21:41,181.5744,11322.0,62.97,1.21
2022-07-13,2,21:43,181.5744,11320.0,62.97,1.23
2022-07-13,2,21:44,181.5744,11323.0,62.99,1.24
2022-07-13,2,21:45,181.5744,11323.0,62.99,1.24
2022-07-13,2,21:47,181.5744,11320.0,62.99,1.26
2022-07-13,2,21:48,181.5744,11320.0,62.99,1.26
2022-07-13,2,21:49,181.5744,11320.0,62.99,1.26
2022-07-13,2,21:51,181.5744,11320.0,63.0,1.28
2022-07-13,2,21:52,181.5744,11320.0,63.0,1.28
2022-07-13,2,21:53,181.5744,11320.0,63.0,1.28
2022-07-13,2,21:55,181.5744,11320.0,63.0,1.28
2022-07-13,2,21:56,181.5744,11320.0,63.15,1.51
2022-07-13,2,21:57,181.5744,11298.0,63.15,1.7
2022-07-13,2,21:59,181.5744,11320.0,62.84,1.03
2022-07-13,2,22:00,181.5744,11320.0,62.84,1.03
2022-07-13,2,22:01,181.5744,11300.0,62.84,1.2
2022-07-13,2,22:03,181.5744,11320.0,62.84,1.03
2022-07-13,2,22:04,181.5744,11320.0,62.82,1.0
2022-07-13,2,22:05,181.5744,11320.0,62.94,1.18
2022-07-13,2,22:07,181.5744,11320.0,62.83,1.01
2022-07-13,2,22:08,181.5744,11320.0,62.85,1.04
2022-07-13,2,22:10,181.5744,11320.0,62.85,1.04
2022-07-13,2,22:11,181.5744,11320.0,62.85,1.04
2022-07-13,2,22:12,181.5744,10923.12,62.85,4.51
2022-07-13,2,22:14,181.5744,11310.0,62.85,1.13
2022-07-13,2,22:15,181.5744,11320.0,62.82,1.0
2022-07-13,2,22:16,181.5744,11320.0,62.85,1.04
2022-07-13,2,22:18,181.5744,11319.0,62.85,1.05
2022-07-13,2,22:19,181.5744,11319.99,62.86,1.06
2022-07-13,2,22:21,181.5744,11315.0,62.9,1.17
2022-07-13,2,22:22,181.5744,11315.0,62.91,1.18
2022-07-13,2,22:23,181.5744,11319.0,62.91,1.15
2022-07-13,2,22:25,181.5744,11319.0,62.91,1.15
2022-07-13,2,22:26,181.5744,11319.0,62.84,1.04
2022-07-13,2,22:27,181.5744,11319.0,62.84,1.04
2022-07-13,2,22:29,181.5744,11319.77,62.9,1.12
2022-07-13,2,22:30,181.5744,11300.0,62.9,1.3
2022-07-13,2,22:31,181.5744,11310.0,62.9,1.21
2022-07-13,2,22:33,181.5744,11300.0,62.9,1.3
2022-07-13,2,22:34,181.5744,11319.0,62.84,1.04
2022-07-13,2,22:35,181.5744,11319.99,62.82,1.0
2022-07-13,2,22:37,181.5744,11311.0,62.82,1.07
2022-07-13,2,22:38,181.5744,11319.0,62.82,1.0
2022-07-13,2,22:39,181.5744,11310.0,62.82,1.08
2022-07-13,2,22:41,181.5744,11311.0,62.88,1.17
2022-07-13,2,22:42,181.5744,11311.0,62.88,1.17
2022-07-13,2,22:43,181.5744,11319.0,62.88,1.1
2022-07-13,2,22:45,181.5744,11319.75,62.86,1.06
2022-07-13,2,22:46,181.5744,11311.0,62.86,1.14
2022-07-13,2,22:47,181.5744,11310.0,62.86,1.15
2022-07-13,2,22:49,181.5744,11319.77,62.86,1.06
2022-07-13,2,22:50,181.5744,11319.77,62.86,1.06
2022-07-13,2,22:51,181.5744,11319.0,62.86,1.07
2022-07-13,2,22:53,181.5744,11319.0,62.86,1.07
2022-07-13,2,22:54,181.5744,11318.99,62.86,1.07
2022-07-13,2,22:55,181.5744,11319.77,62.86,1.06
2022-07-13,2,22:57,181.5744,11319.99,62.86,1.06
2022-07-13,2,22:58,181.5744,11319.0,62.87,1.08
2022-07-13,2,23:00,181.5744,11300.0,62.86,1.23
2022-07-13,2,23:01,181.5744,11319.0,62.86,1.07
2022-07-13,2,23:02,181.5744,11318.0,62.86,1.08
2022-07-13,2,23:04,181.5744,11320.0,62.86,1.06
2022-07-13,2,23:05,181.5744,11319.0,62.86,1.07
2022-07-13,2,23:06,181.5744,11318.0,62.86,1.08
2022-07-13,2,23:08,181.5744,11318.0,62.86,1.08
2022-07-13,2,23:09,181.5744,11317.0,62.86,1.09
2022-07-13,2,23:10,181.5744,11315.0,62.86,1.1
2022-07-13,2,23:12,181.5744,11315.0,62.86,1.1
2022-07-13,2,23:14,181.5744,11315.0,62.86,1.1
2022-07-13,2,23:15,181.5744,11315.0,62.86,1.1
2022-07-13,2,23:16,181.5744,11315.0,62.79,0.99
2022-07-13,2,23:18,181.5744,11315.0,62.78,0.98
2022-07-13,2,23:19,181.5744,11310.0,62.78,1.02
2022-07-13,2,23:20,181.5744,11317.0,62.8,0.99
2022-07-13,2,23:22,181.5744,11317.0,62.8,0.99
2022-07-13,2,23:23,181.5744,11317.0,62.85,1.07
2022-07-13,2,23:24,181.5744,11317.0,62.85,1.07
2022-07-13,2,23:26,181.5744,11317.0,62.8,0.99
2022-07-13,2,23:27,181.5744,11317.0,62.8,0.99
2022-07-13,2,23:28,181.5744,11317.0,62.78,0.96
2022-07-13,2,23:30,181.5744,11300.0,62.82,1.17
2022-07-13,2,23:31,181.5744,11315.0,62.82,1.04
2022-07-13,2,23:32,181.5744,11315.0,62.82,1.04
2022-07-13,2,23:34,181.5744,11318.0,62.82,1.01
2022-07-13,2,23:35,181.5744,11318.0,62.82,1.01
2022-07-13,2,23:36,181.5744,11318.0,62.8,0.98
2022-07-13,2,23:38,181.5744,11319.0,62.8,0.97
2022-07-13,2,23:39,181.5744,11317.0,62.8,0.99
2022-07-13,2,23:40,181.5744,11317.0,62.8,0.99
2022-07-13,2,23:42,181.5744,11317.0,62.8,0.99
2022-07-13,2,23:43,181.5744,11319.0,62.8,0.97
2022-07-13,2,23:44,181.5744,11319.0,62.8,0.97
2022-07-13,2,23:46,181.5744,11319.0,62.81,0.99
2022-07-13,2,23:47,181.5744,11316.0,62.95,1.24
2022-07-13,2,23:48,181.5744,11315.0,62.84,1.07
2022-07-13,2,23:50,181.5744,11316.0,62.82,1.03
2022-07-13,2,23:51,181.5744,11300.0,62.81,1.16
2022-07-13,2,23:52,181.5744,11300.0,62.81,1.16
2022-07-13,2,23:54,181.5744,11300.0,62.84,1.2
2022-07-13,2,23:55,181.5744,11300.0,62.84,1.2
2022-07-13,2,23:56,181.5744,11300.0,62.84,1.2
2022-07-13,2,23:58,181.5744,11300.0,62.81,1.16
2022-07-13,2,23:59,181.5744,11300.0,62.81,1.16
2022-07-14,3,00:00,181.5744,11300.0,62.81,1.16
2022-07-14,3,00:02,181.5744,11300.0,62.81,1.16
2022-07-14,3,00:03,181.5744,11300.0,62.81,1.16
2022-07-14,3,00:04,181.5744,11300.0,62.81,1.16
2022-07-14,3,00:26,181.5744,11300.0,62.76,1.08
2022-07-14,3,15:05,181.5744,11275.0,62.67,0.51
2022-07-14,3,15:07,181.5744,11275.0,62.67,0.51
2022-07-14,3,15:08,181.5744,11276.0,62.78,0.68
2022-07-14,3,15:09,181.5744,11279.0,62.66,0.46
2022-07-14,3,15:14,181.5744,11284.9,62.65,0.4
2022-07-14,3,15:16,181.5744,11275.0,62.65,0.65
2022-07-14,3,15:17,181.5744,11275.0,62.65,0.65
2022-07-14,3,15:18,181.5744,11275.0,62.69,0.71
2022-07-14,3,15:20,181.5744,11275.0,62.63,0.64
2022-07-14,3,15:21,181.5744,11280.0,62.67,0.66
2022-07-14,3,15:23,181.5744,11275.0,62.63,0.64
2022-07-14,3,15:24,181.5744,11275.0,62.62,0.62
2022-07-14,3,15:26,181.5744,11275.0,62.62,0.58
2022-07-14,3,15:28,181.5744,11275.0,62.62,0.58
2022-07-14,3,15:29,181.5744,11275.0,62.61,0.57
2022-07-14,3,15:30,181.5744,11275.0,62.61,0.6
2022-07-14,3,15:32,181.5744,11275.0,62.61,0.6
2022-07-14,3,15:33,181.5744,11275.0,62.6,0.58
2022-07-14,3,15:35,181.5744,11275.0,62.6,0.58
2022-07-14,3,15:36,181.5744,11275.0,62.6,0.57
2022-07-14,3,15:37,181.5744,11275.0,62.6,0.57
2022-07-14,3,15:40,181.5744,11280.0,62.59,0.51
2022-07-14,3,15:41,181.5744,11285.0,62.59,0.46
2022-07-14,3,15:43,181.5744,11297.98,62.59,0.35
2022-07-14,3,15:44,181.5744,11297.98,62.59,0.35
2022-07-14,3,15:46,181.5744,11235.0,62.59,0.9
2022-07-14,3,15:47,181.5744,11296.0,62.59,0.37
2022-07-14,3,15:48,181.5744,11297.98,62.59,0.35
2022-07-14,3,15:49,181.5744,11297.98,62.59,0.35
2022-07-14,3,15:51,181.5744,11295.99,62.57,0.31
2022-07-14,3,15:52,181.5744,11297.98,62.56,0.28
2022-07-14,3,15:53,181.5744,11295.0,62.56,0.31
2022-07-14,3,15:55,181.5744,11280.0,62.55,0.42
2022-07-14,3,15:56,181.5744,11295.0,62.55,0.25
2022-07-14,3,15:57,181.5744,11285.0,62.55,0.34
2022-07-14,3,15:59,181.5744,11295.0,62.53,0.22
2022-07-14,3,16:00,181.5744,11280.0,62.53,0.35
2022-07-14,3,16:01,181.5744,11280.0,62.5,0.26
2022-07-14,3,16:03,181.5744,11280.0,62.53,0.31
2022-07-14,3,16:04,181.5744,11280.0,62.54,0.33
2022-07-14,3,16:05,181.5744,11280.0,62.54,0.33
2022-07-14,3,16:06,181.5744,11280.0,62.49,0.16
2022-07-14,3,16:08,181.5744,11280.0,62.87,0.76
2022-07-14,3,16:09,181.5744,11280.0,62.51,0.19
2022-07-14,3,16:10,181.5744,11280.0,62.49,0.16
2022-07-14,3,16:12,181.5744,11280.0,62.53,0.29
2022-07-14,3,16:13,181.5744,11280.0,62.53,0.29
2022-07-14,3,16:14,181.5744,11280.0,62.53,0.29
2022-07-14,3,16:16,181.5744,11280.0,62.53,0.35
2022-07-14,3,16:17,181.5744,11279.0,62.51,0.33
2022-07-14,3,16:18,181.5744,11280.0,62.51,0.32
2022-07-14,3,16:20,181.5744,11280.0,62.53,0.35
2022-07-14,3,16:21,181.5744,11279.0,62.53,0.34
2022-07-14,3,16:22,181.5744,11279.0,62.52,0.32
2022-07-14,3,16:23,181.5744,11279.0,62.52,0.32
2022-07-14,3,16:25,181.5744,11279.0,62.52,0.32
2022-07-14,3,16:26,181.5744,11279.0,62.52,0.34
2022-07-14,3,16:27,181.5744,11279.0,62.52,0.34
2022-07-14,3,16:29,181.5744,11284.77,62.55,0.34
2022-07-14,3,16:30,181.5744,11280.0,62.55,0.38
2022-07-14,3,16:31,181.5744,11279.0,62.57,0.42
2022-07-14,3,16:33,181.5744,11279.0,62.58,0.44
2022-07-14,3,16:34,181.5744,11280.0,62.58,0.43
2022-07-14,3,16:35,181.5744,11280.0,62.57,0.41
2022-07-14,3,16:37,181.5744,11280.0,62.57,0.37
2022-07-14,3,16:39,181.5744,11280.0,62.59,0.4
2022-07-14,3,16:41,181.5744,11280.0,62.58,0.39
2022-07-14,3,16:42,181.5744,11280.0,62.72,0.61
2022-07-14,3,16:43,181.5744,11288.0,62.72,0.54
2022-07-14,3,16:45,181.5744,11288.0,62.59,0.33
2022-07-14,3,16:46,181.5744,11288.0,62.61,0.37
2022-07-14,3,16:47,181.5744,11288.0,62.63,0.61
2022-07-14,3,16:48,181.5744,11279.0,62.64,0.71
2022-07-14,3,16:50,181.5744,11289.0,62.65,0.63
2022-07-14,3,16:51,181.5744,11289.0,62.64,0.62
2022-07-14,3,16:53,181.5744,11289.0,62.62,0.63
2022-07-14,3,16:55,181.5744,11289.0,62.61,0.61
2022-07-14,3,16:56,181.5744,11289.0,62.6,0.59
2022-07-14,3,17:23,181.5744,11299.0,62.58,0.32
2022-07-14,3,17:47,181.5744,11298.0,62.56,0.15
2022-07-14,3,17:48,181.5744,11298.0,62.58,0.13
2022-07-14,3,17:49,181.5744,11298.0,62.58,0.13
2022-07-14,3,17:51,181.5744,11298.0,62.58,0.13
2022-07-14,3,17:52,181.5744,11298.0,62.57,0.11
2022-07-14,3,17:53,181.5744,11298.0,62.57,0.16
2022-07-14,3,17:55,181.5744,11298.0,62.55,0.13
2022-07-14,3,17:56,181.5744,11298.0,62.54,0.11
2022-07-14,3,17:57,181.5744,11298.0,62.52,0.08
2022-07-14,3,17:59,181.5744,11299.9,62.52,0.03
2022-07-14,3,18:00,181.5744,11300.0,62.52,0.03
2022-07-14,3,18:01,181.5744,11300.0,62.53,0.05
2022-07-14,3,18:03,181.5744,11300.0,62.55,0.08
2022-07-14,3,18:04,181.5744,11300.0,62.55,0.15
2022-07-14,3,18:05,181.5744,11300.0,62.53,0.12
2022-07-14,3,18:07,181.5744,11299.99,62.55,0.15
2022-07-14,3,18:08,181.5744,11299.99,62.54,0.18
2022-07-14,3,18:10,181.5744,11299.99,62.54,0.18
2022-07-14,3,18:11,181.5744,11300.0,62.55,0.2
2022-07-14,3,18:12,181.5744,11295.0,62.57,0.27
2022-07-14,3,18:14,181.5744,11295.0,62.57,0.18
2022-07-14,3,18:15,181.5744,11280.0,62.57,0.31
2022-07-14,3,18:17,181.5744,11280.0,62.57,0.31
2022-07-14,3,18:18,181.5744,11295.0,62.55,0.15
2022-07-14,3,18:20,181.5744,11280.0,62.57,0.33
2022-07-14,3,18:21,181.5744,11299.98,62.57,0.15
2022-07-14,3,18:22,181.5744,11299.97,62.56,0.13
2022-07-14,3,18:24,181.5744,11299.97,62.56,0.11
2022-07-14,3,18:25,181.5744,11299.97,62.55,0.1
2022-07-14,3,18:27,181.5744,11299.97,62.55,0.1
2022-07-14,3,18:28,181.5744,11299.97,62.56,0.11
2022-07-14,3,18:29,181.5744,11299.97,62.57,0.15
2022-07-14,3,18:30,181.5744,11299.97,62.57,0.15
2022-07-14,3,18:32,181.5744,11299.97,62.57,0.15
2022-07-14,3,18:33,181.5744,11299.97,62.57,0.15
2022-07-14,3,18:35,181.5744,11299.97,62.57,0.2
2022-07-14,3,18:36,181.5744,11299.95,62.57,0.2
2022-07-14,3,18:37,181.5744,11299.95,62.57,0.2
2022-07-14,3,18:39,181.5744,11299.95,62.57,0.2
2022-07-14,3,18:40,181.5744,11299.95,62.57,0.16
2022-07-14,3,18:41,181.5744,11298.0,62.57,0.18
2022-07-14,3,18:42,181.5744,11298.8,62.57,0.17
2022-07-14,3,18:44,181.5744,11298.8,62.57,0.17
2022-07-14,3,18:45,181.5744,11298.8,62.57,0.12
2022-07-14,3,18:46,181.5744,11298.0,62.56,0.11
2022-07-14,3,18:48,181.5744,11298.0,62.56,0.11
2022-07-14,3,18:49,181.5744,11298.0,62.56,0.11
2022-07-14,3,18:50,181.5744,11298.0,62.56,0.08
2022-07-14,3,18:52,181.5744,11305.0,62.73,0.29
2022-07-14,3,18:54,181.5744,11298.9,62.57,0.09
2022-07-14,3,18:58,181.5744,11298.0,62.58,0.18
2022-07-14,3,18:59,181.5744,11298.0,62.58,0.18
2022-07-14,3,19:00,181.5744,11298.0,62.57,0.16
2022-07-14,3,19:02,181.5744,11298.0,62.56,0.14
2022-07-14,3,19:03,181.5744,11298.9,62.6,0.2
2022-07-14,3,19:04,181.5744,11300.0,62.6,0.19
2022-07-14,3,19:06,181.5744,11290.0,62.6,0.28
2022-07-14,3,19:07,181.5744,11290.0,62.6,0.28
2022-07-14,3,19:09,181.5744,11298.9,62.6,0.2
2022-07-14,3,19:10,181.5744,11298.9,62.6,0.2
2022-07-14,3,19:11,181.5744,11298.9,62.6,0.2
2022-07-14,3,19:13,181.5744,11298.9,62.6,0.2
2022-07-14,3,19:14,181.5744,11298.9,62.6,0.2
2022-07-14,3,19:16,181.5744,11304.99,62.6,0.15
2022-07-14,3,19:17,181.5744,11304.99,62.6,0.15
2022-07-14,3,19:19,181.5744,11304.99,62.6,0.15
2022-07-14,3,19:20,181.5744,11304.99,62.6,0.15
2022-07-14,3,19:22,181.5744,11305.0,62.6,0.15
2022-07-14,3,19:23,181.5744,11304.0,62.6,0.16
2022-07-14,3,19:24,181.5744,11304.0,62.6,0.16
2022-07-14,3,19:26,181.5744,11304.0,62.6,0.16
2022-07-14,3,19:27,181.5744,11303.99,62.6,0.16
2022-07-14,3,20:18,181.5744,11300.0,62.71,0.37
2022-07-14,3,20:19,181.5744,11302.0,62.69,0.32
2022-07-14,3,20:20,181.5744,11302.0,62.71,0.35
2022-07-14,3,20:22,181.5744,11300.0,62.71,0.37
2022-07-14,3,20:23,181.5744,11304.0,62.71,0.33
2022-07-14,3,20:25,181.5744,11304.0,62.72,0.35
2022-07-14,3,20:27,181.5744,11309.0,62.71,0.29
2022-07-14,3,20:28,181.5744,11309.0,62.71,0.29
2022-07-14,3,20:30,181.5744,11310.0,62.71,0.28
2022-07-14,3,20:31,181.5744,11310.0,62.72,0.3
2022-07-14,3,20:32,181.5744,11309.0,62.72,0.3
2022-07-14,3,20:34,181.5744,11310.0,62.72,0.3
2022-07-14,3,20:35,181.5744,11310.0,62.73,0.31
2022-07-14,3,20:36,181.5744,11310.0,62.72,0.3
2022-07-14,3,20:38,181.5744,11310.0,62.71,0.28
2022-07-14,3,20:39,181.5744,11310.0,62.71,0.28
2022-07-14,3,20:41,181.5744,11310.0,62.7,0.26
2022-07-14,3,20:42,181.5744,11310.0,62.7,0.26
2022-07-14,3,20:44,181.5744,11310.0,62.7,0.26
2022-07-14,3,20:45,181.5744,11304.99,62.72,0.34
2022-07-14,3,20:47,181.5744,11309.0,62.72,0.3
2022-07-14,3,20:48,181.5744,11311.0,62.72,0.29
2022-07-14,3,20:49,181.5744,11310.0,62.7,0.26
2022-07-14,3,20:50,181.5744,11310.0,62.69,0.25
2022-07-14,3,20:52,181.5744,11310.0,62.69,0.25
2022-07-14,3,20:53,181.5744,11310.0,62.68,0.23
2022-07-14,3,20:55,181.5744,11309.99,62.67,0.22
2022-07-14,3,20:56,181.5744,11309.99,62.67,0.22
2022-07-14,3,20:58,181.5744,11309.99,62.67,0.22
2022-07-14,3,20:59,181.5744,11309.0,62.67,0.22
2022-07-14,3,21:01,181.5744,11308.0,62.67,0.23
2022-07-14,3,21:03,181.5744,11308.0,62.67,0.23
2022-07-14,3,21:04,181.5744,11308.0,62.67,0.23
2022-07-14,3,21:06,181.5744,11308.0,62.67,0.23
2022-07-14,3,21:07,181.5744,11309.0,62.67,0.22
2022-07-14,3,21:08,181.5744,11305.0,62.66,0.24
2022-07-14,3,21:10,181.5744,11304.99,62.66,0.24
2022-07-14,3,21:11,181.5744,11307.99,62.67,0.23
2022-07-14,3,21:13,181.5744,11310.0,62.76,0.36
2022-07-14,3,21:15,181.5744,11309.0,62.68,0.24
2022-07-14,3,21:16,181.5744,11305.0,62.68,0.28
2022-07-14,3,21:18,181.5744,11300.0,62.68,0.32
2022-07-14,3,21:19,181.5744,11308.99,62.68,0.24
2022-07-14,3,21:21,181.5744,11308.98,62.68,0.24
2022-07-14,3,21:22,181.5744,11308.0,62.68,0.25
2022-07-14,3,21:24,181.5744,11307.0,62.63,0.18
2022-07-14,3,21:25,181.5744,11306.0,62.63,0.19
2022-07-14,3,21:27,181.5744,11305.0,62.63,0.2
2022-07-14,3,21:28,181.5744,11305.0,62.63,0.2
2022-07-14,3,21:29,181.5744,11305.0,62.63,0.2
2022-07-14,3,21:31,181.5744,11305.0,62.63,0.2
2022-07-14,3,21:32,181.5744,11305.0,62.63,0.2
2022-07-14,3,21:33,181.5744,11304.5,62.62,0.18
2022-07-14,3,21:35,181.5744,11304.5,62.63,0.2
2022-07-14,3,21:36,181.5744,11305.0,62.63,0.2
2022-07-14,3,21:37,181.5744,11305.0,62.63,0.2
2022-07-14,3,21:39,181.5744,11305.0,62.63,0.2
2022-07-14,3,21:40,181.5744,11305.0,62.63,0.2
2022-07-14,3,21:41,181.5744,11305.0,62.63,0.2
2022-07-14,3,21:43,181.5744,11305.0,62.63,0.2
2022-07-14,3,21:44,181.5744,11305.0,62.63,0.2
2022-07-14,3,21:45,181.5744,11305.0,62.63,0.2
2022-07-14,3,21:47,181.5744,11305.0,62.63,0.2
2022-07-14,3,21:48,181.5744,11304.0,62.63,0.21
2022-07-14,3,21:49,181.5744,11304.81,62.6,0.15
2022-07-14,3,21:51,181.5744,11304.81,62.61,0.17
2022-07-14,3,21:52,181.5744,11304.81,62.6,0.15
2022-07-14,3,21:53,181.5744,11304.81,62.63,0.2
2022-07-14,3,21:55,181.5744,11304.81,62.62,0.18
2022-07-14,3,21:56,181.5744,11304.81,62.62,0.18
2022-07-14,3,21:57,181.5744,11304.99,62.61,0.16
2022-07-14,3,21:59,181.5744,11304.99,62.62,0.18
2022-07-14,3,22:00,181.5744,11304.99,62.6,0.15
2022-07-14,3,22:01,181.5744,11304.0,62.61,0.17
2022-07-14,3,22:03,181.5744,11304.0,62.61,0.17
2022-07-14,3,22:04,181.5744,11304.0,62.79,0.46
2022-07-14,3,22:05,181.5744,11304.0,62.79,0.46
2022-07-14,3,22:07,181.5744,11304.0,62.79,0.46
2022-07-14,3,22:08,181.5744,11307.0,62.79,0.43
2022-07-14,3,22:09,181.5744,11307.0,62.64,0.19
2022-07-14,3,22:10,181.5744,11306.0,62.64,0.2
2022-07-14,3,22:12,181.5744,11305.0,62.64,0.21
2022-07-14,3,22:13,181.5744,11304.99,62.79,0.45
2022-07-14,3,22:14,181.5744,11304.99,62.6,0.15
2022-07-14,3,22:16,181.5744,11304.0,62.6,0.16
2022-07-14,3,22:17,181.5744,11304.0,62.6,0.16
2022-07-14,3,22:18,181.5744,11305.0,62.57,0.1
2022-07-14,3,22:20,181.5744,11303.0,62.57,0.12
2022-07-14,3,22:21,181.5744,11299.0,62.57,0.15
2022-07-14,3,22:22,181.5744,11299.0,62.57,0.15
2022-07-14,3,22:24,181.5744,11300.0,62.79,0.49
2022-07-14,3,22:25,181.5744,11298.0,62.57,0.16
2022-07-14,3,22:26,181.5744,11299.0,62.57,0.15
2022-07-14,3,22:28,181.5744,11300.0,62.57,0.14
2022-07-14,3,22:29,181.5744,11300.0,62.57,0.14
2022-07-14,3,22:30,181.5744,11300.0,62.58,0.16
2022-07-14,3,22:32,181.5744,11304.0,62.58,0.13
2022-07-14,3,22:33,181.5744,11304.0,62.57,0.11
2022-07-14,3,22:34,181.5744,11304.0,62.58,0.13
2022-07-14,3,22:36,181.5744,11300.0,62.58,0.16
2022-07-14,3,22:37,181.5744,11299.0,62.58,0.17
2022-07-14,3,22:38,181.5744,11300.0,62.58,0.16
2022-07-14,3,22:40,181.5744,11300.0,62.59,0.18
2022-07-14,3,22:41,181.5744,11304.0,62.58,0.13
2022-07-14,3,22:43,181.5744,11302.0,62.56,0.11
2022-07-14,3,22:44,181.5744,11304.0,62.54,0.06
2022-07-14,3,22:45,181.5744,11303.0,62.55,0.09
2022-07-14,3,22:46,181.5744,11304.0,62.51,0.01
2022-07-14,3,22:48,181.5744,11300.0,62.52,0.07
2022-07-14,3,22:49,181.5744,11304.0,62.53,0.05
2022-07-14,3,22:50,181.5744,11304.0,62.56,0.09
2022-07-14,3,22:52,181.5744,11304.0,62.57,0.11
2022-07-14,3,22:53,181.5744,11304.0,62.57,0.11
2022-07-14,3,22:54,181.5744,11304.0,62.57,0.11
2022-07-14,3,22:56,181.5744,11304.0,62.55,0.08
2022-07-14,3,22:57,181.5744,11303.99,62.55,0.08
2022-07-14,3,22:58,181.5744,11303.99,62.55,0.08
2022-07-14,3,23:00,181.5744,11303.99,62.59,0.14
2022-07-14,3,23:01,181.5744,11303.99,62.59,0.14
2022-07-14,3,23:02,181.5744,11303.5,62.59,0.15
2022-07-14,3,23:04,181.5744,11303.5,62.56,0.1
2022-07-14,3,23:05,181.5744,11303.5,62.56,0.1
2022-07-14,3,23:06,181.5744,11303.5,62.56,0.1
2022-07-14,3,23:08,181.5744,11303.5,62.56,0.1
2022-07-14,3,23:09,181.5744,11303.5,62.56,0.1
2022-07-14,3,23:10,181.5744,11303.5,62.56,0.1
2022-07-14,3,23:12,181.5744,11303.5,62.56,0.1
2022-07-14,3,23:13,181.5744,11303.5,62.56,0.1
2022-07-14,3,23:14,181.5744,11303.5,62.58,0.13
2022-07-14,3,23:16,181.5744,11303.5,62.57,0.11
2022-07-14,3,23:17,181.5744,11303.5,62.57,0.11
2022-07-14,3,23:18,181.5744,11303.5,62.57,0.11
2022-07-14,3,23:20,181.5744,11303.5,62.56,0.1
2022-07-14,3,23:21,181.5744,11303.5,62.6,0.16
2022-07-14,3,23:22,181.5744,11303.5,62.6,0.16
2022-07-14,3,23:24,181.5744,11303.4,62.57,0.11
2022-07-14,3,23:25,181.5744,11303.4,62.6,0.16
2022-07-14,3,23:26,181.5744,11303.4,62.6,0.16
2022-07-14,3,23:28,181.5744,11303.4,62.6,0.16
2022-07-14,3,23:29,181.5744,11303.4,62.61,0.18
2022-07-14,3,23:30,181.5744,11303.4,62.61,0.18
2022-07-14,3,23:32,181.5744,11303.4,62.61,0.18
2022-07-14,3,23:33,181.5744,11303.4,62.6,0.16
2022-07-14,3,23:34,181.5744,11303.4,62.61,0.18
2022-07-14,3,23:36,181.5744,11303.4,62.61,0.18
2022-07-14,3,23:37,181.5744,11303.4,62.65,0.24
2022-07-14,3,23:38,181.5744,11300.0,62.61,0.21
2022-07-14,3,23:40,181.5744,11300.0,62.6,0.19
2022-07-14,3,23:41,181.5744,11303.0,62.61,0.18
2022-07-14,3,23:42,181.5744,11300.0,62.61,0.21
2022-07-14,3,23:44,181.5744,11300.0,62.6,0.19
2022-07-14,3,23:45,181.5744,11299.0,62.57,0.15
2022-07-14,3,23:46,181.5744,11299.0,62.58,0.17
2022-07-14,3,23:48,181.5744,11299.0,62.61,0.22
2022-07-14,3,23:49,181.5744,11299.0,62.7,0.36
2022-07-14,3,23:50,181.5744,11299.0,62.58,0.17
2022-07-14,3,23:52,181.5744,11299.0,62.58,0.17
2022-07-14,3,23:53,181.5744,11299.0,62.58,0.17
2022-07-14,3,23:54,181.5744,11300.0,62.58,0.16
2022-07-14,3,23:56,181.5744,11300.0,62.63,0.24
2022-07-14,3,23:57,181.5744,11300.0,62.56,0.13
2022-07-14,3,23:58,181.5744,11300.0,62.56,0.13
2022-07-15,4,00:00,181.5744,11301.99,62.55,0.1
2022-07-15,4,00:01,181.5744,11301.99,62.55,0.1
2022-07-15,4,00:02,181.5744,11301.99,62.6,0.18
2022-07-15,4,00:04,181.5744,11301.0,62.55,0.1
2022-07-15,4,00:05,181.5744,11301.0,62.55,0.1
2022-07-15,4,00:06,181.5744,11301.0,62.55,0.1
2022-07-15,4,00:08,181.5744,11301.0,62.55,0.1
2022-07-15,4,00:09,181.5744,11300.0,62.55,0.11
2022-07-15,4,00:10,181.5744,11290.0,62.55,0.2
2022-07-15,4,00:12,181.5744,11290.0,62.54,0.19
2022-07-15,4,00:13,181.5744,11290.0,62.54,0.19
2022-07-15,4,00:14,181.5744,11280.0,62.54,0.27
2022-07-15,4,00:16,181.5744,11301.0,62.54,0.09
2022-07-15,4,00:17,181.5744,11300.0,62.54,0.1
2022-07-15,4,00:18,181.5744,11300.0,62.54,0.1
2022-07-15,4,00:20,181.5744,11300.0,62.54,0.1
2022-07-15,4,00:21,181.5744,11300.0,62.56,0.13
2022-07-15,4,00:22,181.5744,11300.0,62.56,0.13
2022-07-15,4,00:24,181.5744,11300.0,62.56,0.13
2022-07-15,4,00:25,181.5744,11275.0,62.56,0.35
2022-07-15,4,00:26,181.5744,11275.0,62.56,0.35
2022-07-15,4,00:28,181.5744,11299.0,62.55,0.12
2022-07-15,4,00:29,181.5744,11275.0,62.55,0.33
2022-07-15,4,00:30,181.5744,11298.0,62.55,0.13
2022-07-15,4,00:32,181.5744,11298.0,62.56,0.15
2022-07-15,4,00:33,181.5744,11298.0,62.56,0.15
2022-07-15,4,00:34,181.5744,11298.0,62.6,0.21
2022-07-15,4,00:36,181.5744,11298.0,62.6,0.21
2022-07-15,4,00:37,181.5744,11298.0,62.6,0.21
2022-07-15,4,00:38,181.5744,11298.0,62.6,0.21
2022-07-15,4,00:40,181.5744,11298.0,62.61,0.23
2022-07-15,4,00:41,181.5744,11298.0,62.61,0.23
2022-07-15,4,00:42,181.5744,11298.0,62.61,0.23
2022-07-15,4,00:44,181.5744,11297.0,62.61,0.24
2022-07-15,4,00:45,181.5744,11297.0,62.63,0.27
2022-07-15,4,00:46,181.5744,11298.0,62.65,0.29
2022-07-15,4,00:48,181.5744,11297.0,62.63,0.27
2022-07-15,4,00:49,181.5744,11298.0,62.65,0.29
2022-07-15,4,00:50,181.5744,11298.0,62.66,0.31
2022-07-15,4,00:52,181.5744,11299.0,62.65,0.28
2022-07-15,4,00:53,181.5744,11297.0,62.66,0.31
2022-07-15,4,00:54,181.5744,11297.0,62.66,0.31
2022-07-15,4,00:56,181.5744,11289.99,62.66,0.38
2022-07-15,4,00:57,181.5744,11289.99,62.66,0.38
2022-07-15,4,00:58,181.5744,11289.0,62.66,0.39
2022-07-15,4,01:00,181.5744,11288.99,62.66,0.39
2022-07-15,4,01:01,181.5744,11295.0,62.66,0.33
2022-07-15,4,01:02,181.5744,11293.0,62.66,0.35
2022-07-15,4,01:04,181.5744,11295.0,62.64,0.3
2022-07-15,4,16:28,181.5744,11349.99,62.14,0.84
2022-07-15,4,16:29,181.5744,11340.0,62.4,1.79
2022-07-15,4,16:31,181.5744,11348.0,62.1,1.25
2022-07-15,4,16:32,181.5744,11348.0,62.2,1.41
2022-07-15,4,16:33,181.5744,11345.0,62.2,1.43
2022-07-15,4,16:35,181.5744,11348.0,62.5,2.07
2022-07-15,4,16:36,181.5744,11345.0,62.4,1.94
2022-07-15,4,16:37,181.5744,11344.99,62.05,1.39
2022-07-15,4,16:39,181.5744,11344.99,62.18,1.6
2022-07-15,4,16:40,181.5744,61.91,62.2,99.46
2022-07-15,4,16:42,181.5744,11345.0,62.04,1.55
2022-07-15,4,16:43,181.5744,11345.0,62.04,1.55
2022-07-15,4,16:44,181.5744,11339.99,62.04,1.59
2022-07-15,4,16:46,181.5744,11350.0,62.03,1.53
2022-07-15,4,16:47,181.5744,11350.0,62.14,1.7
2022-07-15,4,16:49,181.5744,11340.0,62.14,1.79
2022-07-15,4,16:50,181.5744,11340.0,62.02,1.4
2022-07-15,4,16:52,181.5744,11349.99,62.02,1.31
2022-07-15,4,16:53,181.5744,11350.0,62.01,1.29
2022-07-15,4,16:54,181.5744,11350.0,62.14,1.5
2022-07-15,4,16:56,181.5744,11355.55,62.0,1.08
2022-07-15,4,16:57,181.5744,11359.0,61.96,0.98
2022-07-15,4,16:59,181.5744,11360.0,61.95,0.96
2022-07-15,4,17:00,181.5744,11360.0,61.94,0.77
2022-07-15,4,17:02,181.5744,11349.0,61.94,0.86
2022-07-15,4,17:03,181.5744,11359.99,61.99,0.85
2022-07-15,4,17:04,181.5744,11354.0,62.2,1.23
2022-07-15,4,17:06,181.5744,11355.0,61.99,1.25
2022-07-15,4,17:07,181.5744,11355.0,61.95,1.19
2022-07-15,4,17:09,181.5744,11352.0,62.5,2.08
2022-07-15,4,17:10,181.5744,11350.0,61.93,1.2
2022-07-15,4,17:11,181.5744,11355.0,62.0,0.85
2022-07-15,4,17:13,181.5744,11350.0,61.98,0.86
2022-07-15,4,17:14,181.5744,11370.0,62.06,0.81
2022-07-15,4,17:15,181.5744,11359.99,62.06,0.9
2022-07-15,4,17:17,181.5744,11360.0,65.0,5.27
2022-07-15,4,17:18,181.5744,11352.0,65.0,5.34
2022-07-15,4,17:19,181.5744,11370.0,62.25,1.0
2022-07-15,4,17:21,181.5744,11355.0,62.0,0.56
2022-07-15,4,17:22,181.5744,11365.0,61.91,0.33
2022-07-15,4,17:24,181.5744,11364.99,62.2,0.8
2022-07-15,4,17:25,181.5744,11360.0,61.93,0.41
2022-07-15,4,17:26,181.5744,11360.0,62.25,0.92
2022-07-15,4,17:28,181.5744,11364.0,62.25,0.89
2022-07-15,4,17:29,181.5744,11355.0,62.25,0.97
2022-07-15,4,17:30,181.5744,11360.0,62.16,0.78
2022-07-15,4,17:32,181.5744,11355.0,62.1,0.97
2022-07-15,4,17:33,181.5744,11350.0,62.1,1.01
2022-07-15,4,17:34,181.5744,11354.9,62.0,0.81
2022-07-15,4,17:36,181.5744,11355.0,61.97,0.6
2022-07-15,4,17:37,181.5744,11354.0,62.1,0.81
2022-07-15,4,17:39,181.5744,11356.0,61.93,0.52
2022-07-15,4,17:40,181.5744,11362.0,61.93,0.47
2022-07-15,4,17:41,181.5744,11362.0,61.93,0.29
2022-07-15,4,17:43,181.5744,11350.0,61.93,0.39
2022-07-15,4,17:44,181.5744,11350.0,61.95,0.43
2022-07-15,4,17:45,181.5744,11350.0,62.35,1.07
2022-07-15,4,17:47,181.5744,11360.0,62.35,1.05
2022-07-15,4,17:48,181.5744,11360.0,62.01,0.51
2022-07-15,4,17:49,181.5744,11359.0,62.02,0.53
2022-07-15,4,17:51,181.5744,11363.2,62.01,0.48
2022-07-15,4,17:52,181.5744,11360.0,62.3,0.97
2022-07-15,4,17:54,181.5744,11365.0,62.3,0.93
2022-07-15,4,17:55,181.5744,11379.0,62.0,0.33
2022-07-15,4,17:56,181.5744,11370.0,62.0,0.37
2022-07-15,4,17:58,181.5744,10369.0,62.0,9.14
2022-07-15,4,17:59,181.5744,11363.2,62.0,0.43
2022-07-15,4,18:00,181.5744,11369.9,61.96,0.3
2022-07-15,4,18:02,181.5744,11360.0,61.97,0.75
2022-07-15,4,18:03,181.5744,11365.0,62.35,1.31
2022-07-15,4,18:04,181.5744,11365.0,62.35,1.31
2022-07-15,4,18:06,181.5744,11365.0,62.2,1.08
2022-07-15,4,18:07,181.5744,11365.0,61.97,0.61
2022-07-15,4,18:08,181.5744,11365.0,61.98,0.62
2022-07-15,4,18:10,181.5744,11365.0,62.04,0.72
2022-07-15,4,18:11,181.5744,11365.0,62.04,0.72
2022-07-15,4,18:13,181.5744,11365.0,62.05,0.79
2022-07-15,4,18:14,181.5744,11365.0,62.02,0.75
2022-07-15,4,18:15,181.5744,11365.0,61.96,0.65
2022-07-15,4,18:17,181.5744,11365.0,61.99,0.7
2022-07-15,4,18:18,181.5744,11365.0,61.99,0.59
2022-07-15,4,18:19,181.5744,11360.0,61.97,0.6
2022-07-15,4,18:21,181.5744,11359.0,61.97,0.61
2022-07-15,4,18:22,181.5744,11359.0,61.96,0.5
2022-07-15,4,18:24,181.5744,11359.0,61.96,0.5
2022-07-15,4,18:25,181.5744,11319.99,61.96,0.84
2022-07-15,4,18:26,181.5744,11355.0,61.96,0.53
2022-07-15,4,18:28,181.5744,11355.0,61.97,0.56
2022-07-15,4,18:29,181.5744,11355.0,61.99,0.59
2022-07-15,4,18:30,181.5744,11354.0,62.0,0.62
2022-07-15,4,18:32,181.5744,11362.0,62.52,1.37
2022-07-15,4,18:33,181.5744,11360.0,62.25,1.07
2022-07-15,4,18:34,181.5744,11362.0,62.01,0.67
2022-07-15,4,18:36,181.5744,11355.0,62.3,1.19
2022-07-15,4,18:37,181.5744,11355.0,62.0,0.71
2022-07-15,4,18:38,181.5744,11360.0,62.04,0.71
2022-07-15,4,18:40,181.5744,11360.0,62.1,0.81
2022-07-15,4,18:41,181.5744,11359.0,62.05,0.73
2022-07-15,4,18:42,181.5744,11360.0,62.0,0.65
2022-07-15,4,18:44,181.5744,11360.0,62.1,0.85
2022-07-15,4,18:45,181.5744,11359.0,62.03,0.75
2022-07-15,4,18:47,181.5744,11358.0,62.03,0.75
2022-07-15,4,18:48,181.5744,11359.0,62.1,0.86
2022-07-15,4,18:49,181.5744,11359.0,62.1,0.86
2022-07-15,4,18:51,181.5744,11360.0,62.09,0.84
2022-07-15,4,18:52,181.5744,11360.0,62.3,1.17
2022-07-15,4,18:53,181.5744,11368.0,62.13,0.79
2022-07-15,4,18:55,181.5744,11366.0,62.13,0.81
2022-07-15,4,18:56,181.5744,11365.0,62.14,0.83
2022-07-15,4,18:57,181.5744,11364.0,62.14,0.84
2022-07-15,4,18:59,181.5744,11364.0,62.16,0.91
2022-07-15,4,19:00,181.5744,11364.0,62.16,0.91
2022-07-15,4,19:02,181.5744,11363.0,62.16,0.92
2022-07-15,4,19:03,181.5744,11364.0,62.13,0.87
2022-07-15,4,19:04,181.5744,11360.0,62.16,0.65
2022-07-15,4,19:06,181.5744,11363.0,62.17,0.64
2022-07-15,4,19:07,181.5744,11364.0,62.3,0.84
2022-07-15,4,19:09,181.5744,11364.0,62.3,0.84
2022-07-15,4,19:10,181.5744,11360.0,62.11,0.57
2022-07-15,4,19:11,181.5744,11364.0,62.16,0.62
2022-07-15,4,19:13,181.5744,11363.0,62.17,0.64
2022-07-15,4,19:14,181.5744,11363.0,62.3,-1.24
2022-07-15,4,19:16,181.5744,11363.0,62.17,-1.45
2022-07-15,4,19:17,181.5744,11363.0,62.3,-1.24
2022-07-15,4,19:18,181.5744,11360.0,62.17,-1.42
2022-07-15,4,19:20,181.5744,11364.0,62.28,-1.28
2022-07-15,4,19:21,181.5744,11360.0,62.3,-1.21
2022-07-15,4,19:22,181.5744,11364.0,62.1,-1.57
2022-07-15,4,19:24,181.5744,11364.0,62.28,-1.28
2022-07-15,4,19:25,181.5744,11364.0,62.1,-1.57
2022-07-15,4,19:27,181.5744,11364.0,62.11,-1.55
2022-07-15,4,19:28,181.5744,11368.0,62.11,-1.59
2022-07-15,4,19:29,181.5744,11367.0,62.1,-1.6
2022-07-15,4,19:30,181.5744,11367.0,62.11,-1.58
2022-07-15,4,19:32,181.5744,11364.0,62.1,-1.57
2022-07-15,4,19:33,181.5744,11367.0,62.06,-1.66
2022-07-15,4,19:35,181.5744,11367.0,62.11,-1.58
2022-07-15,4,19:36,181.5744,11364.0,62.12,-1.54
2022-07-15,4,19:37,181.5744,11369.9,62.12,-1.59
2022-07-15,4,19:39,181.5744,11367.0,62.12,-1.57
2022-07-15,4,19:40,181.5744,11367.0,62.12,-1.57
2022-07-15,4,19:41,181.5744,11367.0,62.11,-1.58
2022-07-15,4,19:43,181.5744,11367.0,62.05,-1.68
2022-07-15,4,19:44,181.5744,11367.0,62.05,-1.68
2022-07-15,4,19:45,181.5744,11367.0,62.05,-1.68
2022-07-15,4,19:46,181.5744,11367.0,62.05,-1.68
2022-07-15,4,19:48,181.5744,11367.0,62.02,-1.73
2022-07-15,4,19:49,181.5744,11367.0,62.12,-1.57
2022-07-15,4,19:51,181.5744,11367.0,62.4,-1.11
2022-07-15,4,19:52,181.5744,11367.0,62.02,-1.73
2022-07-15,4,19:53,181.5744,11370.0,62.12,-1.59
2022-07-15,4,19:54,181.5744,11360.0,62.1,-1.54
2022-07-15,4,19:56,181.5744,11370.0,62.1,-1.62
2022-07-15,4,19:57,181.5744,11367.0,62.14,-1.53
2022-07-15,4,19:58,181.5744,11370.0,62.1,-1.62
2022-07-15,4,20:00,181.5744,11370.0,62.02,-1.76
2022-07-15,4,20:01,181.5744,11369.0,62.1,-1.62
2022-07-15,4,20:02,181.5744,11370.0,62.02,-1.76
2022-07-15,4,20:04,181.5744,11375.0,62.02,-1.8
2022-07-15,4,20:05,181.5744,11374.0,62.13,-1.61
2022-07-15,4,20:07,181.5744,11374.0,62.3,-1.33
2022-07-15,4,20:08,181.5744,11370.0,62.3,-1.3
2022-07-15,4,20:09,181.5744,11369.0,62.3,-1.29
2022-07-15,4,20:10,181.5744,11369.0,62.1,-1.62
2022-07-15,4,20:12,181.5744,11369.0,62.1,-1.62
2022-07-15,4,20:13,181.5744,11369.0,62.13,-1.57
2022-07-15,4,20:15,181.5744,11369.0,62.03,-1.73
2022-07-15,4,20:16,181.5744,11369.0,62.1,-1.62
2022-07-15,4,20:17,181.5744,11368.0,62.1,-1.61
2022-07-15,4,20:19,181.5744,11368.0,62.14,-1.54
2022-07-15,4,20:20,181.5744,11368.0,62.03,-1.72
2022-07-15,4,20:21,181.5744,11368.0,62.1,-1.61
2022-07-15,4,20:23,181.5744,11369.0,62.02,-1.75
2022-07-15,4,20:24,181.5744,11364.0,62.02,-1.7
2022-07-15,4,20:25,181.5744,11364.0,62.25,-1.33
2022-07-15,4,20:26,181.5744,11364.0,62.02,-1.7
2022-07-15,4,20:28,181.5744,11366.29,62.03,-1.71
2022-07-15,4,20:29,181.5744,11369.0,62.02,-1.75
2022-07-15,4,20:31,181.5744,11367.0,62.02,-1.73
2022-07-15,4,20:32,181.5744,11367.0,62.05,-1.68
2022-07-15,4,20:33,181.5744,11367.0,62.02,-1.73
2022-07-15,4,20:35,181.5744,11365.0,62.02,-1.71
2022-07-15,4,20:36,181.5744,11365.0,62.02,-1.71
2022-07-15,4,20:37,181.5744,11364.0,62.02,-1.7
2022-07-15,4,20:39,181.5744,11364.0,62.25,-1.33
2022-07-15,4,20:40,181.5744,11361.0,62.25,-1.3
2022-07-15,4,20:41,181.5744,11361.0,62.03,-1.66
2022-07-15,4,20:43,181.5744,11361.0,62.03,-1.66
2022-07-15,4,20:44,181.5744,11364.0,62.0,-1.73
2022-07-15,4,20:45,181.5744,11364.0,62.0,-1.73
2022-07-15,4,20:47,181.5744,11364.0,62.4,-1.08
2022-07-15,4,20:48,181.5744,11364.0,62.0,-1.73
2022-07-15,4,20:49,181.5744,11369.0,62.0,-1.78
2022-07-15,4,20:51,181.5744,11369.0,62.0,-1.78
2022-07-15,4,20:52,181.5744,11369.0,62.0,-1.78
2022-07-15,4,20:53,181.5744,11364.0,62.0,-1.73
2022-07-15,4,20:54,181.5744,11369.0,62.0,-1.78
2022-07-15,4,20:56,181.5744,11368.5,62.0,-1.78
2022-07-15,4,20:57,181.5744,11365.0,62.0,-1.74
2022-07-15,4,20:59,181.5744,11364.0,62.0,-1.73
2022-07-15,4,21:00,181.5744,11363.0,62.0,-1.73
2022-07-15,4,21:01,181.5744,11360.0,62.02,-1.67
2022-07-15,4,21:03,181.5744,11359.0,62.0,-1.69
2022-07-15,4,21:04,181.5744,11358.0,61.97,-1.73
2022-07-15,4,21:05,181.5744,11357.0,62.0,-1.67
2022-07-15,4,21:07,181.5744,11350.0,61.99,-1.63
2022-07-15,4,21:08,181.5744,11356.99,61.97,-1.72
2022-07-15,4,21:09,181.5744,11357.0,61.98,-1.71
2022-07-15,4,21:11,181.5744,11357.0,62.0,-1.67
2022-07-15,4,21:12,181.5744,11357.0,62.0,-1.67
2022-07-15,4,21:13,181.5744,11355.0,62.02,-1.62
2022-07-15,4,21:15,181.5744,11350.0,62.02,-1.58
2022-07-15,4,21:16,181.5744,11350.0,62.02,-1.58
2022-07-15,4,21:17,181.5744,11354.0,61.97,-1.69
2022-07-15,4,21:19,181.5744,11353.77,62.03,-1.59
2022-07-15,4,21:20,181.5744,11355.0,62.03,-1.61
2022-07-15,4,21:21,181.5744,11355.0,62.03,-1.61
2022-07-15,4,21:23,181.5744,11358.0,62.03,-1.63
2022-07-15,4,21:24,181.5744,11357.0,61.98,-1.71
2022-07-15,4,21:26,181.5744,11355.0,62.15,-1.41
2022-07-15,4,21:27,181.5744,11356.0,61.98,-1.7
2022-07-15,4,21:28,181.5744,11355.0,62.0,-1.65
2022-07-15,4,21:30,181.5744,11357.0,61.98,-1.71
2022-07-15,4,21:31,181.5744,11357.0,61.95,-1.75
2022-07-15,4,21:32,181.5744,11357.0,61.96,-1.74
2022-07-15,4,21:34,181.5744,11358.0,62.07,-1.57
2022-07-15,4,21:35,181.5744,11360.0,61.97,-1.75
2022-07-15,4,21:36,181.5744,11358.0,61.99,-1.7
2022-07-15,4,21:38,181.5744,11358.0,62.01,-1.66
2022-07-15,4,21:39,181.5744,11358.0,62.01,-1.66
2022-07-15,4,21:40,181.5744,11359.5,62.02,-1.66
2022-07-15,4,21:42,181.5744,11360.0,62.04,-1.63
2022-07-15,4,21:43,181.5744,11363.98,62.04,-1.67
2022-07-15,4,21:44,181.5744,11360.0,62.04,-1.63
2022-07-15,4,21:46,181.5744,11363.99,62.04,-1.67
2022-07-17,6,18:10,181.5744,11375.0,61.39,-2.85
2022-07-17,6,18:11,181.5744,11375.0,61.39,-2.85
2022-07-17,6,18:13,181.5744,11375.0,61.4,-2.83
2022-07-17,6,18:14,181.5744,11375.0,61.41,-2.81
2022-07-17,6,18:15,181.5744,11375.0,64.87,2.67
2022-07-17,6,18:17,181.5744,11375.0,61.4,-2.83
2022-07-17,6,18:18,181.5744,11375.0,61.41,-2.81
2022-07-17,6,18:19,181.5744,11375.0,61.41,-2.81
2022-07-17,6,18:21,181.5744,11375.0,61.43,-2.78
2022-07-17,6,18:22,181.5744,11375.0,64.31,1.82
2022-07-17,6,18:23,181.5744,11375.0,61.42,-2.8
